"state","year","per_change","11","13","15","17","19","21","23","25","27","29","31","33","35","37","39","41","43","45","47","49","51","53","55","<NA>"
"Alabama",2010,-70.44,"10.80","5.06","9.03","3.76","0.58","0.88","0.52","1.63","2.59","13.58","2.37","0.92","2.33","1.08","1.57","16.39","9.98","0.06","1.54","5.17","2.37","5.43","0.13","2.24"
"Alabama",2011,-68.62,"11.61","4.77","8.16","4.09","0.58","0.83","0.46","1.62","1.97","11.56","2.12","1.00","2.49","1.41","1.73","15.92","10.44","0.08","1.88","4.58","3.32","6.92","0.08","2.38"
"Alabama",2012,-75.05,"12.01","5.55","8.59","4.86","0.68","0.83","0.55","2.06","2.00","12.97","2.30","0.99","2.46","0.96","1.56","14.94","9.60","0.05","1.24","4.06","3.04","6.05","0.19","2.47"
"Alabama",2013,-62.47,"10.68","4.95","6.52","3.62","0.71","0.91","0.67","2.14","2.51","10.01","2.15","1.06","4.71","1.25","2.64","15.69","10.45","0.08","1.56","3.98","3.26","7.35","0.17","2.93"
"Alabama",2014,-66.98,"9.77","4.10","6.34","3.35","0.65","0.84","0.46","1.56","2.35","9.77","1.94","0.92","5.61","1.40","3.13","17.68","10.30","0.08","1.48","3.97","3.56","7.80","0.21","2.72"
"Alabama",2015,-71.85,"9.55","4.74","7.00","3.33","0.58","0.98","0.36","1.77","1.90","13.86","2.31","1.18","4.60","1.19","2.47","13.75","10.02","0.09","1.06","3.60","2.79","10.30","0.14","2.45"
"Alabama",2016,-64.51,"8.81","4.21","5.43","2.78","0.48","0.75","0.30","1.38","1.82","13.70","2.15","0.91","5.46","1.32","2.28","14.09","9.14","0.07","1.02","3.44","2.68","15.03","0.14","2.59"
"Alabama",2017,-68.41,"8.90","4.41","6.80","3.39","0.51","0.77","0.23","1.50","1.90","17.43","2.43","1.01","4.21","1.36","1.48","12.53","9.26","0.11","1.25","3.72","2.81","11.20","0.18","2.62"
"Alabama",2018,-70.99,"9.15","4.71","7.98","4.22","0.59","0.71","0.27","1.51","1.92","13.60","2.27","1.31","4.51","1.64","1.85","12.82","8.66","0.12","1.67","4.08","3.44","10.12","0.13","2.72"
"Alabama",2019,-65.94,"8.44","5.09","8.12","4.00","0.64","0.86","0.30","1.51","1.83","12.93","2.31","1.33","4.47","1.77","1.63","11.08","8.46","0.13","1.72","4.23","3.43","12.76","0.15","2.81"
"Alaska",2010,-47.72,"10.10","4.53","4.08","3.18","1.86","2.62","0.70","3.62","1.98","19.62","3.07","1.23","3.47","1.89","2.26","8.36","13.39","0.09","2.04","3.87","1.79","3.76","0.11","2.37"
"Alaska",2011,-60.06,"11.51","4.69","4.89","4.55","2.43","1.97","0.63","3.05","1.83","20.34","2.65","1.17","2.39","1.22","1.92","9.55","11.73","0.09","2.06","3.71","1.74","3.31","0.13","2.43"
"Alaska",2012,-49.07,"10.75","5.13","4.91","3.81","2.23","2.13","0.75","3.58","1.96","19.71","2.56","1.44","2.18","1.09","1.99","10.17","11.49","0.11","1.65","3.82","1.51","4.56","0.24","2.26"
"Alaska",2013,-60.93,"9.61","5.01","4.35","3.66","2.00","2.05","0.78","3.60","2.26","16.73","2.31","1.26","3.65","1.49","2.52","10.20","13.60","0.10","2.10","3.97","1.72","4.05","0.21","2.76"
"Alaska",2014,-57.01,"8.79","4.81","5.04","2.83","2.44","2.09","0.64","3.14","2.11","15.99","2.40","1.61","3.99","1.71","2.71","10.67","13.93","0.10","2.08","3.90","1.86","4.28","0.24","2.65"
"Alaska",2015,-65.62,"8.58","4.09","4.23","2.38","2.51","2.26","0.30","2.61","1.69","22.22","2.48","2.10","4.05","1.61","2.56","9.36","12.43","0.06","1.58","3.86","1.75","4.51","0.20","2.56"
"Alaska",2016,-66.82,"8.38","3.82","3.42","1.71","1.95","1.88","0.25","2.68","1.96","27.33","2.55","1.73","4.14","1.72","2.70","11.38","9.97","0.07","1.27","3.36","1.58","3.35","0.21","2.57"
"Alaska",2017,-69,"9.01","3.77","3.69","1.97","2.09","1.91","0.22","2.20","1.78","31.79","2.84","1.65","3.30","1.70","1.80","8.52","9.59","0.05","1.28","3.18","1.41","3.53","0.30","2.39"
"Alaska",2018,-73.08,"8.56","4.59","4.43","2.91","2.01","2.01","0.57","2.76","1.60","25.94","1.98","1.68","3.57","1.48","2.72","8.46","11.21","0.05","1.64","3.30","1.50","4.06","0.25","2.71"
"Alaska",2019,-72.44,"9.77","5.36","5.76","2.79","2.01","2.37","0.58","2.64","1.71","18.61","2.51","1.70","4.06","1.76","2.50","8.48","12.04","0.09","1.37","4.26","1.52","4.52","0.34","3.25"
"Arizona",2010,-61.86,"11.54","6.62","12.08","3.51","0.83","1.30","0.94","1.98","2.04","16.23","2.73","0.85","2.79","1.17","1.95","12.30","10.46","0.07","1.08","3.16","1.93","2.24","0.03","2.18"
"Arizona",2011,-50.85,"12.53","7.18","12.38","3.93","0.90","1.15","0.84","2.32","2.12","13.53","2.15","0.91","2.67","1.09","2.07","12.41","10.48","0.04","1.05","3.17","2.14","2.62","0.03","2.28"
"Arizona",2012,-66.2,"11.82","7.43","11.43","4.10","1.25","1.38","1.10","3.56","2.00","13.69","2.37","1.03","2.71","0.97","1.91","10.67","10.68","0.03","1.17","3.31","2.26","2.66","0.09","2.38"
"Arizona",2013,-61.44,"10.67","6.45","9.64","2.82","0.83","1.27","1.15","3.55","2.40","12.20","2.06","1.18","4.25","1.31","3.27","12.54","11.58","0.04","1.12","3.29","2.10","3.56","0.07","2.64"
"Arizona",2014,-61.64,"9.85","6.15","10.28","2.55","0.81","1.16","0.88","3.58","2.27","12.87","2.07","1.13","4.75","1.38","3.47","12.70","11.39","0.03","0.86","2.77","2.22","4.37","0.05","2.40"
"Arizona",2015,-57.96,"9.81","6.84","11.06","2.51","0.77","1.09","0.52","3.30","1.88","14.98","2.04","1.14","4.68","1.16","2.74","12.08","11.17","0.03","0.71","2.49","1.78","4.99","0.04","2.19"
"Arizona",2016,-60.39,"9.36","6.41","8.56","2.35","0.87","1.11","0.45","3.16","1.76","17.17","2.25","1.14","4.95","1.21","2.10","11.62","11.03","0.04","0.80","2.63","1.92","6.56","0.04","2.49"
"Arizona",2017,-62.07,"8.81","6.99","8.04","2.52","0.84","0.95","0.45","2.57","1.79","18.57","2.19","1.11","5.11","1.24","1.96","10.93","12.28","0.05","0.85","2.67","2.11","5.38","0.06","2.53"
"Arizona",2018,-55.57,"9.65","6.50","9.30","2.66","0.84","1.15","0.58","3.94","2.00","11.17","2.08","1.18","5.49","1.89","3.00","10.67","12.56","0.05","1.33","3.47","2.55","5.03","0.07","2.84"
"Arizona",2019,-51.26,"9.61","6.40","8.73","2.73","0.78","1.32","0.55","3.58","2.02","11.91","2.50","1.17","5.82","2.06","2.85","10.18","12.30","0.06","1.38","3.63","2.62","4.95","0.10","2.76"
"Arkansas",2010,-72.39,"12.22","4.70","6.91","2.22","0.70","1.13","0.54","1.65","2.64","16.54","3.00","0.90","2.52","1.04","1.45","16.59","9.92","0.06","1.13","4.41","1.66","5.46","0.08","2.54"
"Arkansas",2011,-73.52,"14.01","5.28","7.89","2.52","0.69","1.19","0.58","1.60","1.88","14.37","2.47","0.85","2.01","0.92","1.19","15.27","10.09","0.05","1.20","4.12","2.36","7.00","0.08","2.38"
"Arkansas",2012,-69.53,"12.38","5.09","6.89","2.74","0.89","1.28","0.72","1.86","2.25","17.75","2.73","0.96","2.56","0.89","1.31","12.51","10.12","0.06","1.36","3.73","2.31","6.85","0.25","2.53"
"Arkansas",2013,-62.69,"11.55","4.59","5.52","2.36","0.77","1.48","0.79","1.82","2.30","12.60","2.20","1.03","4.23","1.28","2.36","14.35","11.07","0.12","1.38","3.96","2.32","8.40","0.32","3.19"
"Arkansas",2014,-65.95,"10.74","4.64","5.63","2.35","0.87","1.67","0.58","2.62","2.57","10.88","1.73","1.09","4.22","1.18","2.92","15.65","11.19","0.09","1.07","3.39","2.76","9.14","0.28","2.73"
"Arkansas",2015,-70.11,"9.61","4.49","5.50","1.95","0.73","1.79","0.37","2.63","2.11","14.31","2.08","1.27","4.07","1.23","2.16","13.10","10.94","0.20","0.96","3.50","2.24","12.07","0.24","2.49"
"Arkansas",2016,-59.42,"7.96","3.59","3.53","1.50","0.57","1.25","0.27","2.06","1.78","13.35","1.78","1.03","4.52","1.22","1.51","11.82","9.28","0.18","0.95","3.00","2.50","23.74","0.17","2.44"
"Arkansas",2017,-72.9,"8.81","3.60","4.04","1.89","0.57","1.03","0.23","2.66","2.15","19.16","2.22","0.95","4.75","1.36","1.63","12.53","9.08","0.09","0.87","3.09","2.54","14.44","0.25","2.06"
"Arkansas",2018,-73.03,"8.44","3.59","5.28","1.97","0.59","0.96","0.30","3.15","1.64","16.21","1.98","0.95","4.03","1.56","2.28","13.74","7.60","0.10","1.05","3.02","2.28","17.06","0.13","2.09"
"Arkansas",2019,-78.49,"9.53","4.62","5.81","2.18","0.73","1.60","0.37","3.32","1.96","14.96","2.54","1.10","3.90","1.83","1.39","10.58","8.39","0.16","1.32","3.56","2.51","14.75","0.25","2.63"
"California",2010,-65.15,"14.40","7.40","17.88","3.97","1.42","1.00","1.39","2.64","3.19","9.17","1.74","0.94","1.88","0.88","1.58","11.33","9.69","0.04","0.76","2.56","1.85","2.14","0.03","2.13"
"California",2011,-63.6,"14.89","7.80","18.98","4.11","1.41","0.88","1.49","2.44","2.98","8.90","1.38","0.81","1.74","0.71","1.66","11.94","9.09","0.03","0.57","2.13","1.77","2.07","0.02","2.19"
"California",2012,-58.73,"14.07","7.73","21.81","4.36","1.44","0.86","1.71","2.87","3.24","7.73","1.22","0.78","2.16","0.69","1.62","10.09","9.07","0.02","0.55","2.04","1.70","1.89","0.03","2.31"
"California",2013,-58.11,"13.67","7.41","13.70","3.43","1.23","1.07","1.51","2.77","3.02","8.42","1.48","1.00","3.38","1.00","2.87","12.36","10.51","0.05","0.85","2.59","2.00","2.88","0.04","2.74"
"California",2014,-64.74,"13.22","7.04","13.83","3.16","1.31","1.09","1.24","3.43","2.91","8.74","1.46","1.02","3.67","1.11","3.65","12.35","10.26","0.04","0.77","2.34","1.93","2.83","0.04","2.55"
"California",2015,-62.9,"13.00","7.43","16.04","3.10","1.25","1.01","0.85","3.24","2.74","10.41","1.40","1.18","3.33","1.02","2.33","11.01","10.17","0.03","0.67","2.12","1.62","3.69","0.04","2.33"
"California",2016,-62.93,"12.47","7.09","11.73","2.84","1.26","0.99","0.71","3.37","2.53","12.77","1.49","1.19","3.96","0.95","1.31","11.26","10.77","0.03","0.69","2.29","1.71","6.10","0.04","2.46"
"California",2017,-66.8,"12.37","7.19","12.31","3.15","1.29","0.95","0.65","3.33","2.48","13.56","1.47","1.35","3.95","1.11","1.73","9.95","11.74","0.05","0.70","2.15","1.78","4.29","0.05","2.42"
"California",2018,-55.27,"12.61","7.07","12.63","3.23","1.18","1.12","0.79","3.32","2.65","8.75","1.56","1.42","4.49","1.38","2.68","10.49","11.38","0.05","0.87","2.58","2.25","4.67","0.05","2.78"
"California",2019,-45.1,"12.36","7.28","13.73","3.37","1.20","1.18","0.85","3.16","2.73","9.40","1.62","1.43","4.09","1.38","2.40","10.02","11.18","0.05","0.87","2.59","2.20","4.07","0.07","2.78"
"Colorado",2010,-60.57,"12.21","6.54","15.41","3.84","1.00","1.09","1.29","1.95","2.06","11.87","2.21","0.80","3.06","1.32","2.14","11.90","9.90","0.05","1.14","3.26","1.98","2.77","0.04","2.18"
"Colorado",2011,-49.39,"13.40","7.32","15.07","4.25","1.11","1.06","1.57","1.90","1.90","11.00","1.86","0.79","2.59","1.01","2.35","12.00","9.74","0.05","0.84","2.94","1.95","3.03","0.04","2.22"
"Colorado",2012,-49.02,"12.74","7.34","15.42","4.46","1.10","1.12","1.44","3.00","1.94","11.32","1.84","0.78","2.57","1.12","2.12","10.11","9.88","0.05","0.96","3.14","2.05","2.97","0.08","2.48"
"Colorado",2013,-50.31,"11.76","6.51","11.51","3.32","0.96","1.13","1.31","2.90","2.19","10.66","2.00","0.98","4.30","1.40","3.06","11.11","11.09","0.08","1.42","3.58","2.21","4.05","0.05","2.41"
"Colorado",2014,-56.3,"11.01","6.09","11.89","3.32","1.08","1.18","0.94","2.54","2.22","10.14","1.95","0.95","4.90","1.58","3.39","11.56","10.18","0.08","1.40","3.55","2.71","4.77","0.06","2.52"
"Colorado",2015,-60.2,"11.06","6.45","12.67","2.86","0.95","1.10","0.59","2.57","2.09","12.90","2.07","1.07","4.65","1.39","1.89","12.14","9.91","0.06","0.98","3.12","1.88","5.34","0.05","2.21"
"Colorado",2016,-61.23,"10.51","6.04","10.26","2.57","0.92","1.07","0.56","2.52","1.95","14.02","2.01","1.18","4.52","1.34","1.48","11.65","10.18","0.07","1.12","3.21","1.97","8.34","0.05","2.44"
"Colorado",2017,-62.68,"10.50","6.42","10.97","2.82","0.92","1.00","0.58","2.41","1.91","14.24","2.18","1.17","4.77","1.39","1.47","10.91","10.67","0.06","1.12","3.39","2.10","6.60","0.05","2.35"
"Colorado",2018,-51.64,"10.96","6.24","10.91","3.04","0.85","1.12","0.63","3.14","2.16","9.91","2.16","1.18","5.16","1.87","2.81","10.72","10.95","0.07","1.39","3.58","2.12","6.20","0.06","2.76"
"Colorado",2019,-45.52,"11.10","6.41","10.40","3.04","0.85","1.25","0.65","2.90","2.29","9.07","2.02","1.24","5.51","2.08","2.72","10.81","10.81","0.09","1.46","3.70","2.38","6.25","0.07","2.88"
"Connecticut",2010,-59.79,"13.11","8.32","15.87","3.64","0.94","1.08","1.16","1.94","2.58","11.35","2.16","0.72","2.19","0.86","1.78","11.90","9.12","0.03","0.94","2.51","2.23","2.89","0.04","2.63"
"Connecticut",2011,-48.7,"15.10","9.23","14.96","4.62","1.04","1.17","1.37","2.09","2.22","9.66","1.56","0.59","1.67","0.73","1.41","11.22","9.47","0.02","0.80","2.68","2.53","3.28","0.03","2.55"
"Connecticut",2012,-53.75,"14.55","9.30","14.26","4.06","0.93","1.09","1.72","2.15","2.34","9.94","1.75","0.59","2.04","0.73","1.91","11.24","9.88","0.04","0.71","2.50","2.51","3.13","0.04","2.56"
"Connecticut",2013,-44.84,"12.79","8.01","10.51","2.65","0.77","0.98","1.42","2.98","2.90","8.05","1.70","0.60","4.06","1.12","4.00","13.76","10.54","0.06","0.92","2.39","2.68","3.98","0.05","3.09"
"Connecticut",2014,-53.23,"12.28","7.72","10.72","2.93","0.96","1.12","0.97","3.41","2.95","8.48","1.76","0.59","4.51","1.09","5.59","12.61","9.03","0.04","0.60","2.35","3.20","4.29","0.04","2.78"
"Connecticut",2015,-59.49,"12.96","8.90","14.67","3.31","0.93","1.24","0.74","2.64","2.49","11.29","1.79","0.96","2.48","0.71","1.39","11.50","9.41","0.06","0.83","2.58","2.24","4.11","0.04","2.72"
"Connecticut",2016,-48.41,"11.14","7.75","10.91","3.07","0.91","1.16","0.59","2.23","2.01","17.83","1.52","0.79","2.75","0.63","1.32","12.08","8.15","0.05","1.04","2.62","2.56","6.50","0.03","2.38"
"Connecticut",2017,-62.94,"10.50","7.46","9.77","3.32","1.10","1.04","0.52","1.85","1.79","21.04","1.88","0.78","3.12","0.69","1.08","11.15","8.69","0.06","0.67","2.08","2.59","6.24","0.03","2.56"
"Connecticut",2018,-61.95,"11.12","6.61","11.29","3.44","0.94","1.15","0.52","2.79","1.78","16.97","2.05","0.89","3.37","1.07","2.66","10.22","8.01","0.11","0.88","2.47","2.66","6.61","0.03","2.37"
"Connecticut",2019,-63.22,"11.23","7.08","10.53","3.37","0.81","1.62","0.73","2.66","2.13","12.45","2.48","1.06","4.06","1.35","2.79","11.01","9.35","0.21","1.08","2.81","2.83","5.38","0.09","2.91"
"Delaware",2010,-54.6,"12.32","7.88","16.62","2.88","1.27","0.88","1.62","1.78","1.90","13.22","2.37","1.01","2.65","0.95","1.57","11.58","8.76","0.04","0.87","2.91","1.43","2.81","0.04","2.64"
"Delaware",2011,-60.75,"12.97","8.36","17.25","3.44","1.17","1.02","1.28","1.68","1.53","12.71","2.20","0.98","2.08","0.88","1.34","11.38","8.34","0.02","0.92","3.05","1.67","2.99","0.05","2.70"
"Delaware",2012,-57,"11.84","8.54","16.36","3.50","1.22","0.99","1.47","1.54","1.49","11.95","2.04","1.18","2.78","1.07","1.43","11.66","9.67","0.03","0.66","2.73","1.86","3.03","0.06","2.93"
"Delaware",2013,-58.87,"11.57","7.67","13.89","2.80","1.17","1.03","1.36","1.92","2.05","10.18","1.78","1.23","4.32","1.03","2.26","13.41","9.19","0.04","0.59","3.04","2.25","3.68","0.07","3.46"
"Delaware",2014,-59.08,"12.53","8.77","14.23","2.88","1.60","0.74","0.85","1.61","2.14","9.03","1.70","0.91","4.15","0.96","2.55","12.61","9.44","0.07","0.58","2.69","3.05","3.36","0.05","3.50"
"Delaware",2015,-66.04,"11.41","8.46","14.14","2.38","1.43","1.00","0.63","2.26","1.84","10.53","2.08","1.25","3.18","0.79","1.10","11.74","9.95","0.10","0.81","2.81","1.63","7.00","0.05","3.45"
"Delaware",2016,-58.19,"11.65","8.32","11.93","2.29","1.12","1.18","0.49","2.34","1.71","13.38","2.32","1.12","3.46","0.82","1.12","11.24","9.34","0.07","1.02","2.80","1.58","7.08","0.06","3.54"
"Delaware",2017,-54.89,"12.46","8.85","12.49","2.35","1.33","0.88","0.52","1.29","1.60","14.01","1.79","1.18","3.42","0.85","1.14","11.96","9.02","0.05","0.91","2.81","1.87","5.84","0.07","3.31"
"Delaware",2018,-67.8,"11.80","7.96","14.60","2.76","1.17","0.89","0.57","2.33","1.75","13.23","1.64","1.18","3.48","1.20","2.64","10.68","8.31","0.09","1.04","2.80","1.75","5.11","0.06","2.96"
"Delaware",2019,-72.26,"11.36","8.09","13.44","2.47","1.16","1.27","0.84","2.07","1.64","14.59","2.09","1.26","3.69","1.15","1.27","9.37","8.77","0.11","0.88","2.79","1.80","6.30","0.17","3.44"
"District of Columbia",2010,-37.7,"17.16","11.61","26.25","2.05","2.23","0.91","3.32","1.49","4.19","5.54","0.71","1.16","1.58","0.41","0.83","6.25","7.70","0.02","0.37","1.23","0.47","0.69","0.06","3.77"
"District of Columbia",2011,-36.63,"17.68","11.37","23.63","2.16","2.17","0.89","4.26","1.74","3.62","5.37","0.69","1.19","1.67","0.56","1.04","6.41","8.13","0.01","0.48","1.45","0.64","0.97","0.11","3.77"
"District of Columbia",2012,-44.26,"16.90","12.15","22.13","2.29","2.07","0.98","5.33","1.89","3.88","5.20","0.66","1.37","1.49","0.53","1.55","5.75","8.37","0.03","0.47","1.39","0.56","0.90","0.12","4.00"
"District of Columbia",2013,-31.61,"18.05","10.68","20.10","2.08","2.00","1.03","5.27","2.57","3.99","5.79","0.82","1.17","2.17","0.56","1.15","5.98","8.50","0.03","0.56","1.40","0.66","1.09","0.12","4.23"
"District of Columbia",2014,-45.14,"18.06","11.80","21.82","2.06","2.14","1.05","4.71","2.15","4.09","5.17","0.65","1.28","2.08","0.57","1.15","5.34","8.16","0.03","0.48","1.32","0.67","0.97","0.12","4.11"
"District of Columbia",2015,-43.54,"17.19","11.49","26.18","2.11","1.97","1.03","2.67","2.20","3.89","6.58","0.66","1.31","1.88","0.56","0.66","5.10","7.29","0.02","0.42","1.21","0.53","0.85","0.15","4.06"
"District of Columbia",2016,-50.23,"16.97","11.74","22.72","2.27","1.75","1.03","2.70","2.40","3.81","7.34","0.83","1.37","2.78","0.60","0.73","5.52","7.58","0.03","0.56","1.48","0.63","0.95","0.13","4.09"
"District of Columbia",2017,-52.57,"17.10","11.41","23.82","2.21","1.57","0.93","2.04","2.17","3.72","7.98","0.86","1.27","2.73","0.59","0.75","5.10","8.23","0.01","0.55","1.30","0.55","0.97","0.14","4.00"
"District of Columbia",2018,-19.37,"16.02","11.50","21.43","2.04","1.59","1.05","2.08","2.56","4.01","5.03","0.87","1.55","3.20","0.84","1.69","5.86","9.54","0.04","0.66","1.54","0.77","1.49","0.16","4.47"
"District of Columbia",2019,-23.98,"16.66","12.47","21.36","2.03","1.78","1.18","2.28","2.74","4.18","4.83","0.72","1.60","3.45","0.76","1.26","5.48","8.60","0.02","0.62","1.47","0.65","1.05","0.17","4.63"
"Florida",2010,-73.15,"12.24","6.27","10.04","2.01","0.63","1.15","1.66","2.18","2.19","16.14","3.02","0.95","2.92","1.23","1.70","14.79","10.34","0.03","1.00","3.34","1.54","2.38","0.04","2.23"
"Florida",2011,-70.39,"13.19","6.78","10.20","2.10","0.58","1.09","1.42","2.05","1.89","17.54","2.77","0.98","2.57","1.10","1.62","13.84","10.51","0.04","0.80","2.75","1.55","2.42","0.04","2.17"
"Florida",2012,-77.77,"12.09","7.06","10.73","2.31","0.67","0.95","1.87","2.86","2.07","15.14","2.61","1.08","3.14","1.22","1.98","12.79","10.58","0.04","0.82","3.06","1.84","2.71","0.06","2.31"
"Florida",2013,-68.7,"11.28","6.22","8.06","1.97","0.55","0.97","1.84","2.57","2.38","11.73","2.22","1.01","5.30","1.42","2.71","15.07","11.74","0.06","1.24","3.29","1.96","3.46","0.07","2.85"
"Florida",2014,-71.8,"10.65","6.03","8.59","1.98","0.67","1.10","1.49","2.45","2.38","12.08","2.39","1.03","5.53","1.65","3.39","14.23","11.33","0.07","1.31","3.35","1.98","3.64","0.07","2.60"
"Florida",2015,-71.32,"10.88","6.96","9.38","2.17","0.61","1.05","0.85","2.00","1.98","17.24","2.53","1.22","4.17","1.26","1.66","12.47","11.60","0.04","0.96","3.17","1.64","3.39","0.06","2.69"
"Florida",2016,-71.9,"10.68","6.68","8.10","2.11","0.63","1.03","0.74","1.60","1.85","16.75","2.33","1.29","5.37","1.27","1.36","13.09","11.84","0.04","1.10","3.42","1.81","4.17","0.05","2.67"
"Florida",2017,-72.31,"10.27","6.81","8.55","2.22","0.61","0.99","0.67","1.78","1.85","16.80","2.57","1.42","5.60","1.37","1.48","11.98","12.09","0.05","1.10","3.14","1.94","4.00","0.07","2.66"
"Florida",2018,-71.43,"10.48","6.48","9.03","2.30","0.63","1.04","0.79","2.37","1.89","12.29","2.42","1.39","5.41","1.92","2.47","12.20","12.13","0.06","1.41","3.63","2.14","4.57","0.07","2.87"
"Florida",2019,-63.62,"10.07","6.55","10.00","2.49","0.61","1.11","0.87","2.22","1.97","10.92","2.42","1.49","5.94","2.16","2.43","11.83","12.03","0.08","1.52","3.82","2.15","4.39","0.08","2.86"
"Georgia",2010,-66.62,"13.32","7.13","17.55","2.71","0.71","1.10","1.11","2.01","2.57","11.94","2.03","0.75","1.76","0.71","1.26","12.99","8.71","0.03","0.74","3.45","1.61","3.65","0.04","2.13"
"Georgia",2011,-54.36,"13.86","7.50","16.64","2.94","0.63","0.88","1.18","2.08","2.15","10.05","1.77","0.70","2.13","0.95","1.53","13.27","9.23","0.04","0.98","3.47","2.10","3.80","0.07","2.06"
"Georgia",2012,-59.71,"12.32","7.14","14.98","2.97","0.67","0.93","1.50","2.73","2.20","9.84","1.91","0.90","2.91","1.34","2.02","11.43","9.41","0.08","1.33","3.81","2.66","4.59","0.07","2.26"
"Georgia",2013,-60.08,"12.39","6.64","12.63","2.70","0.59","0.79","1.24","2.78","2.48","9.37","1.59","0.88","4.29","1.16","2.70","13.49","9.58","0.06","1.09","3.39","2.47","4.97","0.09","2.65"
"Georgia",2014,-64.74,"12.03","6.48","12.69","2.74","0.66","0.84","0.92","2.54","2.29","9.98","1.64","0.94","4.58","1.22","2.91","13.37","9.52","0.05","0.85","3.13","2.61","5.27","0.09","2.66"
"Georgia",2015,-71.11,"11.90","7.31","14.51","2.83","0.65","0.75","0.76","2.12","2.06","13.38","1.76","1.25","3.05","0.96","1.36","12.06","8.92","0.06","0.67","3.13","2.03","6.15","0.08","2.25"
"Georgia",2016,-69,"11.57","6.75","11.29","2.63","0.67","0.72","0.69","1.84","1.92","13.85","1.72","1.13","4.13","1.05","0.93","12.17","9.27","0.07","0.80","3.37","2.25","8.63","0.08","2.47"
"Georgia",2017,-70.19,"10.71","6.41","11.07","2.54","0.64","0.77","0.46","1.81","2.05","15.84","1.85","0.97","4.40","1.06","1.02","10.86","9.50","0.06","0.83","3.18","2.28","9.20","0.09","2.40"
"Georgia",2018,-71.16,"11.40","6.61","13.09","2.54","0.63","0.86","0.53","2.48","2.05","12.58","1.77","1.09","4.00","1.43","1.81","10.54","9.56","0.07","0.99","3.41","2.48","7.38","0.06","2.63"
"Georgia",2019,-63.71,"11.12","6.74","13.50","2.92","0.64","0.97","0.56","2.21","2.08","12.03","2.00","1.02","4.16","1.61","1.60","10.16","9.46","0.10","1.04","3.58","2.51","7.19","0.10","2.71"
"Hawaii",2010,-67.93,"10.60","6.36","7.80","2.86","1.20","1.39","0.65","3.12","2.00","14.30","2.75","1.42","3.81","1.82","2.16","12.66","13.15","0.07","1.08","3.05","1.31","3.19","0.09","3.16"
"Hawaii",2011,-58.4,"11.13","6.23","6.73","2.26","0.94","1.17","0.47","2.77","2.25","10.36","2.58","1.13","5.01","2.08","3.19","15.98","13.05","0.09","1.45","3.21","1.41","3.63","0.11","2.76"
"Hawaii",2012,-51.82,"9.64","5.60","6.21","2.30","0.73","1.22","0.62","3.36","2.48","8.31","2.68","1.19","6.41","2.54","3.58","14.59","13.94","0.13","1.79","3.53","1.65","4.38","0.14","2.98"
"Hawaii",2013,-67.14,"10.47","6.28","6.52","2.35","0.97","1.32","1.01","2.75","2.58","8.98","1.88","1.41","5.68","2.19","3.45","15.56","13.86","0.07","0.98","3.44","1.21","3.54","0.24","3.25"
"Hawaii",2014,-66.02,"9.58","5.99","6.16","2.14","1.11","1.30","0.58","2.74","2.51","8.31","1.93","1.86","5.81","2.28","5.16","15.77","12.88","0.06","1.05","3.65","1.42","4.50","0.24","2.95"
"Hawaii",2015,-74.98,"10.87","5.87","6.77","2.23","0.97","1.43","0.37","3.32","2.10","12.75","1.92","2.06","5.47","2.12","2.44","14.04","12.70","0.09","1.10","3.50","1.15","3.71","0.23","2.79"
"Hawaii",2016,-74.14,"10.06","5.42","6.66","1.85","0.99","1.20","0.32","3.10","1.76","15.46","1.76","2.31","4.91","1.88","2.02","16.77","11.51","0.04","0.76","3.58","0.97","3.41","0.23","3.03"
"Hawaii",2017,-74.43,"10.04","6.04","5.80","1.71","0.91","1.03","0.23","2.56","1.78","21.53","1.93","2.04","4.98","2.13","2.07","11.62","12.79","0.05","0.77","2.92","1.04","3.06","0.23","2.74"
"Hawaii",2018,-66.62,"9.78","5.84","6.04","1.91","0.83","1.48","0.38","2.72","1.86","13.63","1.88","2.14","6.70","2.51","3.66","13.04","12.33","0.07","1.12","3.33","1.56","3.94","0.20","3.07"
"Hawaii",2019,-65.64,"10.13","6.27","5.84","2.10","0.93","1.61","0.42","2.50","1.91","10.92","1.87","2.26","7.69","2.51","3.16","13.26","12.37","0.10","1.12","3.57","1.70","4.08","0.30","3.38"
"Idaho",2010,-76.27,"10.56","4.26","6.56","3.49","0.89","1.38","0.86","2.73","2.64","15.10","3.22","0.81","2.79","1.59","3.73","15.79","10.06","0.15","1.51","3.91","2.18","3.76","0.11","1.90"
"Idaho",2011,-68.79,"10.03","4.48","6.76","3.60","1.42","1.81","0.60","2.90","2.17","12.62","3.20","1.18","2.95","2.15","2.62","13.35","10.41","0.31","2.28","4.67","2.87","5.42","0.05","2.15"
"Idaho",2012,-58.65,"9.01","4.29","5.81","2.83","1.42","1.91","0.57","3.41","2.43","12.03","2.83","1.24","3.63","2.55","2.78","11.13","11.79","0.44","2.81","4.51","3.54","6.35","0.18","2.55"
"Idaho",2013,-59.81,"8.80","4.26","4.95","2.44","1.34","1.54","0.66","4.04","2.72","9.27","2.55","1.13","4.78","2.50","3.61","12.13","12.94","0.34","2.59","4.51","3.55","6.51","0.19","2.63"
"Idaho",2014,-63.99,"8.35","3.98","5.07","2.27","1.67","1.68","0.47","4.26","2.70","9.84","2.80","1.06","4.84","2.67","3.30","12.33","12.08","0.37","2.47","4.15","3.59","7.31","0.29","2.46"
"Idaho",2015,-73,"8.95","4.52","5.64","2.75","1.73","1.71","0.33","4.56","2.51","13.39","2.86","1.37","3.49","2.01","1.85","11.79","12.03","0.41","1.94","3.72","2.82","6.95","0.28","2.38"
"Idaho",2016,-72.72,"8.55","4.40","5.39","2.47","1.83","1.69","0.36","4.61","2.30","15.65","2.62","1.21","3.80","1.60","1.47","12.64","11.22","0.27","1.49","3.10","3.01","7.57","0.23","2.52"
"Idaho",2017,-75.66,"8.77","4.26","5.47","2.87","1.37","1.24","0.23","3.95","2.15","19.58","2.43","0.90","3.69","1.34","1.20","12.66","9.84","0.18","1.30","2.80","2.85","8.64","0.32","1.97"
"Idaho",2018,-77.07,"8.48","4.62","6.61","3.02","1.42","1.26","0.32","4.78","2.42","16.72","2.27","0.88","3.80","1.83","2.10","11.63","9.40","0.15","1.77","3.31","2.40","8.34","0.18","2.29"
"Idaho",2019,-71.98,"8.97","4.96","5.99","2.89","1.39","1.56","0.50","3.97","2.31","11.12","2.41","1.10","5.16","2.43","2.47","11.30","10.85","0.37","2.30","3.72","3.05","8.25","0.24","2.68"
"Illinois",2010,-65.93,"15.29","8.54","17.62","2.97","0.90","0.93","1.10","1.67","2.60","9.78","1.82","0.66","1.67","0.68","1.27","12.99","8.84","0.03","0.50","2.50","1.91","3.28","0.02","2.43"
"Illinois",2011,-65.17,"15.65","8.95","16.30","3.35","0.84","0.98","1.28","1.87","2.37","9.38","1.73","0.62","1.67","0.66","1.48","13.13","8.90","0.02","0.48","2.29","2.32","3.36","0.02","2.34"
"Illinois",2012,-69.79,"14.40","9.18","16.51","3.56","0.97","1.03","1.76","2.39","2.33","8.79","1.86","0.66","2.08","0.80","1.83","11.48","9.13","0.04","0.57","2.37","2.35","3.29","0.04","2.58"
"Illinois",2013,-56.68,"13.02","7.65","12.26","2.60","0.81","1.11","1.53","3.34","2.84","7.89","1.73","0.78","4.10","0.93","3.53","13.39","9.65","0.06","0.62","2.39","2.38","4.50","0.04","2.84"
"Illinois",2014,-57.89,"11.76","6.96","10.97","2.72","0.91","1.18","1.23","2.96","2.61","8.19","1.58","0.82","4.84","1.07","3.98","12.87","9.35","0.05","0.55","2.43","2.61","7.61","0.05","2.70"
"Illinois",2015,-65.51,"12.98","8.50","13.34","2.90","0.91","1.09","0.84","2.40","2.29","10.30","1.61","0.92","2.95","0.80","1.23","12.37","9.36","0.04","0.49","2.49","2.08","7.56","0.04","2.50"
"Illinois",2016,-62.05,"11.71","7.67","10.18","2.34","0.92","1.00","0.76","2.27","1.99","10.61","1.74","0.97","3.77","0.86","1.07","12.66","9.18","0.04","0.50","2.48","2.50","12.27","0.04","2.47"
"Illinois",2017,-67.49,"11.33","7.67","10.40","2.40","0.89","1.03","0.63","1.81","1.96","12.14","1.81","0.91","3.63","0.90","1.15","11.82","9.58","0.05","0.51","2.19","2.51","12.12","0.05","2.51"
"Illinois",2018,-65.95,"11.45","7.19","11.42","2.40","0.84","1.08","0.67","3.09","2.01","9.45","1.92","0.92","3.76","1.33","2.36","11.01","9.72","0.05","0.61","2.41","2.80","10.72","0.05","2.75"
"Illinois",2019,-62.59,"11.68","7.29","10.45","2.24","0.85","1.28","0.70","2.83","2.23","9.17","2.03","1.05","4.77","1.51","2.22","11.35","10.21","0.07","0.67","2.59","2.73","9.11","0.08","2.89"
"Indiana",2010,-70.54,"12.82","5.83","8.30","4.14","0.85","0.97","0.67","2.04","2.30","13.05","2.78","0.69","2.52","1.14","1.73","14.81","10.11","0.04","0.91","3.83","2.56","5.57","0.04","2.29"
"Indiana",2011,-71.18,"14.02","6.04","8.21","5.06","0.78","0.99","0.53","2.09","1.82","12.25","2.31","0.69","2.18","1.04","1.27","14.24","9.74","0.04","0.92","3.57","3.30","6.72","0.05","2.14"
"Indiana",2012,-75.85,"12.65","5.77","8.81","5.75","1.05","1.11","0.79","2.95","2.16","11.54","1.99","0.76","2.91","1.48","2.01","12.40","9.19","0.06","1.07","3.54","3.52","6.06","0.07","2.37"
"Indiana",2013,-61.58,"10.72","5.35","7.31","3.87","0.80","0.99","0.81","2.63","3.56","9.15","2.27","0.76","5.23","1.40","3.04","13.95","10.40","0.09","1.14","3.52","3.52","6.69","0.08","2.71"
"Indiana",2014,-64.31,"9.93","4.49","5.81","3.39","0.88","1.06","0.45","2.39","2.54","9.92","2.65","0.84","5.97","1.49","3.18","13.98","10.77","0.07","0.99","3.62","3.89","8.90","0.10","2.68"
"Indiana",2015,-72.15,"10.21","5.23","6.73","3.48","0.90","1.11","0.30","2.07","2.02","13.88","2.89","1.05","3.83","1.12","1.46","12.94","10.16","0.07","0.83","3.73","2.99","10.75","0.09","2.17"
"Indiana",2016,-67.42,"9.52","4.73","5.21","2.96","0.79","1.02","0.23","1.59","1.79","14.01","2.90","0.92","4.24","1.10","1.15","12.60","9.55","0.05","1.03","3.53","3.45","15.16","0.08","2.36"
"Indiana",2017,-73.26,"9.23","4.68","5.38","3.19","0.80","0.98","0.24","1.71","1.73","16.32","2.74","0.78","3.72","1.17","1.15","11.19","9.64","0.05","1.05","3.11","3.79","15.07","0.10","2.19"
"Indiana",2018,-75.25,"9.59","4.89","6.07","3.13","0.88","1.08","0.32","2.46","1.87","13.54","2.61","0.98","4.21","1.91","2.15","10.87","9.98","0.08","1.27","3.96","3.86","11.60","0.06","2.63"
"Indiana",2019,-67.98,"9.56","4.94","5.90","2.72","0.78","1.16","0.38","2.15","1.84","12.71","2.58","1.09","5.27","2.19","2.05","10.99","9.76","0.09","1.32","4.17","3.68","11.92","0.12","2.63"
"Iowa",2010,-66.03,"10.46","5.04","10.24","3.08","0.99","1.12","0.46","2.18","2.57","12.68","2.64","0.98","2.62","1.57","1.48","12.96","10.68","0.13","1.55","4.23","3.22","6.49","0.07","2.56"
"Iowa",2011,-59.94,"10.46","4.94","8.94","3.67","0.94","1.18","0.42","2.82","2.41","11.07","2.78","0.89","2.74","1.77","1.38","11.83","10.83","0.17","1.92","4.34","4.40","7.48","0.08","2.55"
"Iowa",2012,-62.05,"10.12","5.47","9.40","3.97","1.22","1.38","0.47","2.65","2.60","10.75","2.58","0.96","2.87","1.85","1.64","10.18","11.13","0.15","1.87","4.21","4.70","7.06","0.09","2.71"
"Iowa",2013,-56.94,"10.04","5.26","7.60","3.65","0.95","1.26","0.49","2.53","2.89","9.63","2.49","0.97","4.46","1.73","2.48","11.70","10.76","0.18","1.86","4.04","4.04","7.56","0.12","3.33"
"Iowa",2014,-50.99,"8.81","4.65","7.08","3.19","0.93","1.27","0.42","2.79","3.14","9.38","2.43","0.82","5.57","1.85","2.74","11.97","10.69","0.17","1.66","3.80","4.60","9.00","0.12","2.92"
"Iowa",2015,-59.8,"8.80","5.97","7.80","3.18","0.87","1.42","0.40","2.24","2.61","13.55","2.88","1.06","3.36","1.42","1.44","10.63","10.81","0.16","1.27","3.90","3.96","9.31","0.10","2.87"
"Iowa",2016,-52.8,"8.07","5.36","6.25","2.55","0.77","1.26","0.29","2.07","2.27","12.66","2.33","1.22","3.58","1.33","1.15","12.71","11.02","0.21","1.49","3.40","3.71","13.42","0.08","2.78"
"Iowa",2017,-57.77,"7.89","5.90","6.48","2.82","0.75","1.05","0.28","1.84","2.11","13.30","2.16","1.35","3.85","1.36","1.09","11.60","10.11","0.25","1.47","3.30","4.12","14.04","0.10","2.78"
"Iowa",2018,-64.19,"8.40","5.50","7.59","3.44","0.80","1.05","0.42","1.82","2.21","13.10","2.45","1.25","4.13","1.56","1.63","10.50","9.79","0.21","1.72","3.98","4.42","10.77","0.07","3.19"
"Iowa",2019,-67.54,"8.03","5.25","6.94","2.96","0.79","1.11","0.41","1.86","2.24","11.18","2.51","1.12","4.47","1.81","1.56","10.69","9.79","0.16","1.66","3.90","3.78","14.97","0.16","2.64"
"Kansas",2010,-64.66,"11.46","5.40","8.82","3.63","0.91","1.26","0.57","2.04","2.09","15.97","3.10","1.16","2.06","1.31","1.37","12.22","10.95","0.13","1.37","4.09","2.74","4.72","0.08","2.56"
"Kansas",2011,-58.44,"12.55","6.96","13.22","4.71","1.00","0.92","0.53","2.56","1.98","11.54","2.29","0.90","1.71","0.89","1.03","11.75","11.57","0.06","0.96","3.39","3.02","4.32","0.10","2.04"
"Kansas",2012,-67.37,"12.03","6.46","10.41","4.29","1.19","1.47","0.76","3.96","2.09","12.83","2.26","1.19","1.82","1.10","1.38","10.74","11.10","0.06","1.03","3.68","3.04","4.47","0.16","2.48"
"Kansas",2013,-54.55,"11.08","5.52","8.04","3.43","0.86","1.21","0.75","3.76","3.24","9.50","2.26","1.12","4.16","1.31","2.56","12.32","11.30","0.13","1.36","3.79","3.34","5.84","0.16","2.97"
"Kansas",2014,-58.72,"10.21","5.08","7.16","3.35","1.02","1.30","0.43","4.01","2.75","10.27","2.07","1.05","4.70","1.43","2.97","12.50","10.56","0.12","1.33","3.68","3.76","7.34","0.16","2.74"
"Kansas",2015,-69.22,"9.94","5.63","8.15","2.97","0.88","1.34","0.43","4.10","2.34","14.84","2.49","1.55","3.05","1.17","1.18","11.50","10.55","0.13","1.34","3.80","2.87","7.04","0.20","2.51"
"Kansas",2016,-61.86,"8.14","4.49","5.39","2.19","0.79","1.25","0.33","3.23","1.67","12.93","2.15","1.29","2.88","1.00","0.90","10.20","9.33","0.10","1.16","3.09","2.69","22.15","0.14","2.51"
"Kansas",2017,-70.87,"9.10","4.90","7.29","2.66","0.77","1.16","0.33","3.66","2.10","16.76","2.49","1.17","3.53","1.30","0.95","10.51","10.14","0.08","1.07","2.97","3.23","11.32","0.16","2.35"
"Kansas",2018,-73.53,"9.29","4.86","6.27","2.72","0.78","1.27","0.40","3.36","1.94","14.11","2.34","1.33","4.15","1.84","2.19","10.98","10.33","0.08","1.42","3.70","3.79","10.04","0.10","2.68"
"Kansas",2019,-67.43,"9.17","4.57","5.91","2.40","0.79","1.22","0.39","3.19","1.92","11.46","2.46","1.15","5.08","2.13","2.17","11.00","9.80","0.14","1.52","3.72","3.43","13.62","0.15","2.62"
"Kentucky",2010,-79.17,"11.27","4.73","7.83","2.66","0.61","0.96","0.53","1.76","2.41","16.39","3.23","0.75","2.80","1.26","1.71","14.76","10.28","0.06","1.14","4.20","2.25","6.15","0.05","2.22"
"Kentucky",2011,-79.24,"11.83","5.00","9.67","3.30","0.81","1.10","0.49","2.13","1.96","14.66","2.82","0.98","2.36","1.06","1.58","13.35","10.37","0.09","1.01","3.53","2.89","6.66","0.05","2.31"
"Kentucky",2012,-76.34,"11.34","5.79","9.17","3.69","0.93","1.27","0.75","2.79","2.00","14.37","2.69","1.03","3.18","1.08","1.70","11.98","10.95","0.06","0.85","3.19","3.06","5.58","0.08","2.47"
"Kentucky",2013,-68.38,"10.78","4.78","6.15","3.05","0.71","1.02","0.66","2.14","2.37","10.52","2.62","0.88","5.56","1.34","2.74","14.20","11.72","0.09","1.08","3.37","3.69","7.37","0.12","3.05"
"Kentucky",2014,-70.06,"9.49","4.35","5.96","2.89","0.68","1.11","0.40","1.89","2.56","11.23","2.71","0.86","5.61","1.38","2.87","14.39","12.34","0.06","0.97","3.14","3.97","8.32","0.12","2.69"
"Kentucky",2015,-77.43,"9.51","4.77","6.11","2.96","0.63","1.17","0.29","1.76","2.13","16.60","3.23","1.19","3.65","1.24","1.51","12.92","10.72","0.06","0.82","3.15","2.95","10.01","0.11","2.49"
"Kentucky",2016,-66.81,"8.63","4.47","4.60","2.54","0.58","0.84","0.22","1.42","1.75","14.38","2.56","1.05","5.24","1.37","2.56","13.34","10.04","0.05","0.84","3.08","3.14","14.74","0.11","2.45"
"Kentucky",2017,-71.1,"8.37","4.11","4.83","2.59","0.49","0.81","0.20","1.70","2.03","15.50","2.34","0.99","4.75","1.52","1.76","12.41","10.01","0.06","0.93","3.26","3.34","15.83","0.10","2.10"
"Kentucky",2018,-69.11,"9.02","4.50","5.11","2.68","0.58","1.14","0.33","2.78","1.83","13.63","2.51","1.15","5.19","2.15","2.22","11.59","10.57","0.12","1.36","3.77","3.71","11.37","0.07","2.64"
"Kentucky",2019,-62.22,"8.39","4.08","4.78","2.14","0.54","1.15","0.30","2.54","1.72","11.56","2.61","0.99","5.33","2.17","1.69","10.05","9.01","0.11","1.15","3.43","2.98","20.70","0.10","2.47"
"Louisiana",2010,-74.35,"11.80","4.07","3.78","3.31","0.75","0.92","0.85","1.49","2.44","15.09","2.57","1.06","4.09","1.50","1.87","16.95","10.38","0.05","1.72","4.97","2.09","5.99","0.06","2.23"
"Louisiana",2011,-73.92,"12.31","4.38","4.15","4.41","0.82","1.25","0.71","1.53","1.64","15.22","2.51","1.19","2.95","1.38","1.48","14.71","10.35","0.11","2.06","4.98","2.94","6.68","0.06","2.16"
"Louisiana",2012,-77.43,"11.61","5.21","4.76","5.19","0.99","1.59","1.00","2.22","1.83","13.72","2.19","1.37","3.18","1.49","1.76","11.89","10.82","0.11","2.17","5.12","3.56","5.81","0.14","2.25"
"Louisiana",2013,-65.12,"10.62","4.34","4.10","4.48","0.78","1.28","0.94","2.25","2.44","10.25","1.92","1.30","4.90","1.49","2.61","14.90","11.39","0.12","2.21","4.77","3.38","6.43","0.17","2.94"
"Louisiana",2014,-67.57,"9.92","3.83","4.20","3.77","0.84","1.27","0.60","2.46","2.28","12.07","2.15","1.28","4.95","1.75","2.87","15.48","11.06","0.08","1.92","4.24","3.00","6.86","0.16","2.96"
"Louisiana",2015,-77.43,"10.34","4.66","4.94","3.40","0.89","1.37","0.44","2.33","2.19","15.47","2.20","1.43","3.97","1.43","1.50","14.51","10.39","0.09","1.57","4.18","2.14","8.10","0.15","2.31"
"Louisiana",2016,-74.86,"9.90","4.44","4.23","2.26","0.85","1.28","0.47","1.92","1.85","15.81","2.29","1.22","5.35","1.59","1.78","14.61","10.47","0.08","1.73","3.89","2.21","9.17","0.12","2.47"
"Louisiana",2017,-76.46,"9.48","4.06","3.93","2.68","0.69","1.06","0.42","2.07","1.91","17.68","2.18","1.24","5.03","1.54","1.38","13.60","10.17","0.08","1.85","4.14","2.47","9.85","0.18","2.31"
"Louisiana",2018,-72.01,"9.66","4.25","4.84","2.90","0.76","1.20","0.50","2.93","1.73","15.60","1.83","1.30","5.48","1.79","2.55","12.59","9.30","0.07","2.06","4.47","2.34","9.34","0.12","2.39"
"Louisiana",2019,-70.07,"9.34","4.60","4.97","2.68","0.71","1.59","0.50","2.45","1.65","13.76","2.04","1.40","5.95","2.00","2.20","11.81","9.06","0.07","1.95","4.30","2.36","12.03","0.14","2.43"
"Maine",2010,-69.19,"10.11","4.71","7.18","2.19","0.85","2.15","0.54","4.22","2.79","20.26","3.68","1.09","3.63","1.54","2.71","10.62","10.27","0.09","1.01","2.50","1.98","3.64","0.07","2.16"
"Maine",2011,-70.81,"11.42","4.92","8.19","3.10","0.78","2.19","0.51","4.79","2.75","17.19","3.23","1.15","2.49","1.39","2.71","11.05","10.68","0.12","0.95","2.46","2.07","3.80","0.05","2.01"
"Maine",2012,-73.38,"10.39","4.44","7.48","2.60","0.86","2.38","0.75","6.97","3.04","16.75","2.73","1.08","2.64","1.57","2.98","11.35","10.11","0.07","1.21","2.51","1.98","3.73","0.08","2.31"
"Maine",2013,-42.17,"10.44","4.34","5.20","1.77","0.71","3.19","0.63","3.26","2.76","11.75","2.97","1.17","4.37","2.39","4.11","11.55","12.97","0.09","1.27","3.76","3.40","5.30","0.09","2.52"
"Maine",2014,-59.16,"9.84","4.77","6.29","2.30","0.70","1.44","0.48","1.95","2.93","13.86","3.55","0.94","5.45","1.61","3.18","12.66","11.79","0.07","1.24","2.84","4.55","4.79","0.04","2.75"
"Maine",2015,-68.47,"9.54","4.91","6.59","1.79","0.87","2.56","0.39","2.42","2.00","19.02","4.18","1.30","3.19","1.40","1.78","11.19","12.35","0.07","1.26","2.69","2.40","4.82","0.04","3.23"
"Maine",2016,-71.53,"8.49","5.20","5.61","1.63","0.78","1.90","0.26","2.16","1.89","23.13","3.06","1.08","3.18","1.33","1.38","12.12","10.76","0.09","1.90","2.37","2.89","5.91","0.05","2.82"
"Maine",2017,-72.86,"7.28","4.70","4.56","1.69","0.67","1.18","0.15","2.99","1.79","29.79","2.02","0.78","2.53","1.17","1.37","12.88","8.02","0.05","1.19","1.71","2.45","8.94","0.05","2.06"
"Maine",2018,-77.1,"7.78","3.79","5.32","2.10","0.63","1.41","0.20","3.84","2.09","27.62","3.55","0.83","3.07","1.73","3.71","9.78","7.91","0.05","1.36","2.75","2.23","6.18","0.04","2.02"
"Maine",2019,-78.51,"8.56","4.45","5.43","2.24","0.78","1.92","0.33","3.22","2.17","18.99","3.01","0.95","3.46","1.47","1.37","9.31","8.67","0.08","1.67","2.45","2.39","14.38","0.11","2.58"
"Maryland",2010,-65.33,"12.76","6.86","21.73","3.36","1.43","0.91","0.69","1.97","2.61","10.17","1.94","1.17","2.27","0.77","1.44","11.23","8.56","0.04","0.74","2.99","1.39","2.49","0.06","2.41"
"Maryland",2011,-62.53,"13.81","7.28","21.14","3.54","1.40","0.95","0.80","1.94","2.29","9.52","1.79","1.23","1.69","0.84","1.64","10.68","8.74","0.03","0.82","3.22","1.48","2.61","0.05","2.51"
"Maryland",2012,-68.4,"12.92","7.34","21.61","3.54","1.59","1.01","0.96","2.60","2.34","8.89","1.73","1.27","2.10","0.89","1.71","10.06","8.89","0.04","0.77","2.93","1.38","2.55","0.08","2.79"
"Maryland",2013,-59.46,"12.44","6.50","15.53","2.86","1.15","1.10","0.87","2.53","2.57","8.67","1.88","1.17","4.04","1.04","2.78","12.44","10.34","0.05","0.84","2.90","1.70","3.50","0.09","3.03"
"Maryland",2014,-64.94,"11.78","6.03","15.35","2.84","1.29","1.08","0.78","2.29","2.59","9.10","1.98","1.00","4.43","1.05","3.64","12.02","9.98","0.05","0.85","2.94","2.05","4.06","0.10","2.72"
"Maryland",2015,-68.85,"11.78","6.61","16.87","2.85","1.35","1.13","0.57","2.07","2.54","12.69","2.06","1.28","2.85","0.82","1.31","11.40","9.55","0.04","0.81","2.89","1.35","4.39","0.09","2.71"
"Maryland",2016,-64.9,"11.05","6.60","14.29","2.65","1.37","1.06","0.51","2.01","2.16","14.12","2.02","1.22","3.04","0.89","1.01","11.05","9.40","0.05","0.85","3.06","1.55","6.98","0.06","2.95"
"Maryland",2017,-66.56,"10.29","6.61","14.10","2.65","1.32","0.93","0.44","1.93","2.11","16.18","2.00","1.00","3.34","0.91","1.02","10.14","9.61","0.04","0.78","2.78","1.49","7.62","0.07","2.62"
"Maryland",2018,-63.12,"10.55","6.36","14.48","2.58","1.20","1.10","0.52","2.85","2.32","10.71","1.89","1.20","3.88","1.39","2.66","9.67","9.57","0.05","1.12","3.09","1.83","8.05","0.08","2.88"
"Maryland",2019,-60.27,"10.95","6.62","13.60","2.61","1.16","1.27","0.63","2.73","2.37","9.51","1.83","1.16","3.98","1.45","2.14","9.77","9.76","0.06","1.06","3.23","1.84","9.23","0.10","2.95"
"Massachusetts",2010,-65.77,"15.28","8.22","17.94","3.66","1.90","1.33","1.17","2.04","2.77","10.00","1.93","0.58","2.23","0.71","1.51","10.16","9.13","0.03","0.63","1.98","1.99","2.28","0.02","2.50"
"Massachusetts",2011,-59.4,"15.56","8.33","17.42","4.05","1.80","1.25","1.22","2.91","2.68","8.74","1.68","0.63","1.94","0.67","2.28","10.67","9.01","0.03","0.51","1.79","1.96","2.32","0.02","2.55"
"Massachusetts",2012,-63.88,"16.31","8.64","17.88","4.07","2.06","1.41","1.65","3.93","2.70","8.43","1.43","0.65","2.04","0.61","2.03","9.60","8.20","0.03","0.45","1.66","1.73","1.92","0.04","2.52"
"Massachusetts",2013,-52.73,"14.69","7.54","13.60","2.96","1.65","1.51","1.22","4.56","3.06","7.92","1.60","0.62","3.95","0.93","3.67","11.13","9.40","0.04","0.61","1.79","1.96","2.60","0.06","2.94"
"Massachusetts",2014,-60.52,"13.23","6.87","13.75","2.70","1.56","1.44","0.99","4.55","2.94","8.87","1.70","0.70","4.27","0.90","4.79","10.79","8.91","0.03","0.54","1.85","2.74","3.21","0.05","2.62"
"Massachusetts",2015,-67.85,"14.29","7.71","15.30","3.08","1.74","1.59","0.65","4.72","2.54","12.22","2.05","0.96","2.49","0.64","1.14","9.90","8.97","0.04","0.70","1.94","1.67","3.01","0.04","2.59"
"Massachusetts",2016,-62.31,"12.92","7.02","12.24","2.92","1.82","1.52","0.52","3.89","2.36","14.34","2.17","1.02","3.73","0.68","1.21","10.12","8.73","0.05","0.66","1.92","1.91","5.57","0.04","2.63"
"Massachusetts",2017,-61.97,"12.55","6.88","12.08","3.00","1.67","1.60","0.46","4.62","2.47","15.73","2.01","0.98","3.69","0.74","1.17","9.51","8.86","0.05","0.58","1.73","1.78","5.08","0.04","2.72"
"Massachusetts",2018,-54.13,"13.37","6.94","13.04","3.03","1.73","1.63","0.64","5.20","2.58","10.96","2.11","0.88","3.65","1.04","2.62","9.00","9.65","0.05","0.71","1.92","1.86","4.35","0.04","2.97"
"Massachusetts",2019,-52.25,"13.64","6.71","11.96","2.69","1.72","1.89","0.65","5.38","2.59","9.93","2.32","1.02","4.07","1.19","2.60","8.95","10.02","0.09","0.71","1.99","1.88","4.85","0.08","3.05"
"Michigan",2010,-66.43,"11.09","5.61","10.73","5.58","0.77","1.27","0.72","2.10","2.78","11.92","2.83","0.74","2.33","1.51","1.96","13.47","9.37","0.05","1.10","3.80","4.05","4.14","0.03","2.05"
"Michigan",2011,-66.52,"12.07","6.25","12.12","7.69","0.80","1.00","0.71","1.76","2.71","10.31","2.32","0.73","1.71","1.33","1.34","12.41","8.82","0.06","1.08","3.82","4.70","4.24","0.04","1.98"
"Michigan",2012,-66.47,"11.49","6.42","11.46","7.41","0.87","1.07","0.79","2.53","2.94","9.72","2.39","0.72","2.04","1.49","1.71","11.33","9.28","0.06","1.17","3.69","4.88","4.30","0.05","2.18"
"Michigan",2013,-56.76,"10.85","6.14","10.10","5.94","0.81","0.96","0.72","2.60","2.93","8.75","2.33","0.77","3.71","1.54","2.97","12.65","10.10","0.07","1.23","3.53","3.98","4.66","0.07","2.60"
"Michigan",2014,-58.08,"10.12","5.38","8.80","5.80","0.90","1.02","0.55","2.67","3.14","9.05","2.38","0.91","4.44","1.70","3.06","12.35","9.90","0.08","1.24","3.69","4.66","5.64","0.07","2.45"
"Michigan",2015,-65.42,"10.27","6.09","10.14","6.57","0.84","1.08","0.37","2.33","2.73","12.06","2.48","1.00","3.05","1.33","1.15","11.46","9.62","0.07","0.96","3.83","3.65","6.44","0.06","2.41"
"Michigan",2016,-61.96,"10.10","5.65","8.89","5.95","0.80","1.00","0.36","2.26","2.38","11.81","2.46","1.11","4.08","1.55","1.19","11.36","9.29","0.08","1.15","3.55","4.19","8.17","0.06","2.58"
"Michigan",2017,-62.37,"9.66","5.29","8.39","5.41","0.80","1.04","0.31","1.91","2.31","13.21","2.74","1.23","4.40","1.60","1.22","11.24","9.66","0.09","1.19","3.53","4.29","7.61","0.06","2.79"
"Michigan",2018,-68.33,"9.70","5.54","9.64","4.72","0.77","1.04","0.42","2.43","2.33","11.00","2.64","1.05","4.43","2.02","2.20","10.95","9.95","0.08","1.20","3.59","4.19","7.32","0.04","2.75"
"Michigan",2019,-65.17,"9.19","5.20","8.50","4.03","0.75","1.21","0.48","2.68","2.31","10.50","2.76","1.00","5.08","2.24","2.17","10.30","9.75","0.10","1.23","3.43","4.02","10.23","0.08","2.78"
"Minnesota",2010,-63.93,"13.14","8.17","16.64","3.74","1.12","1.18","1.12","2.90","2.65","10.62","1.70","0.64","1.66","0.72","1.68","11.95","9.00","0.05","0.65","2.45","2.94","2.71","0.24","2.32"
"Minnesota",2011,-62.37,"13.44","8.52","15.68","4.51","1.03","1.06","1.21","2.61","2.50","10.15","1.64","0.55","1.60","0.73","1.87","11.47","9.06","0.04","0.69","2.37","3.66","3.10","0.10","2.42"
"Minnesota",2012,-70.3,"12.46","8.14","14.57","4.41","1.34","1.18","1.78","3.39","2.32","10.26","1.82","0.57","1.85","0.93","3.25","9.73","9.26","0.05","0.69","2.32","3.84","3.14","0.05","2.63"
"Minnesota",2013,-56.17,"11.39","7.20","11.18","3.83","1.13","1.67","1.10","4.34","2.77","8.32","1.96","0.68","3.21","1.24","3.11","10.63","10.76","0.09","1.06","2.89","4.24","4.13","0.09","2.99"
"Minnesota",2014,-64.68,"11.24","6.70","10.33","3.71","1.32","1.80","0.87","4.06","2.78","8.65","2.03","0.66","3.55","1.30","2.92","10.80","10.24","0.08","0.97","2.94","5.08","5.09","0.10","2.79"
"Minnesota",2015,-70.83,"11.70","8.10","11.97","3.34","1.21","1.62","0.63","3.12","2.46","10.90","2.11","0.94","2.83","1.02","1.58","10.77","10.65","0.07","0.86","2.67","3.76","4.91","0.09","2.66"
"Minnesota",2016,-60.96,"10.10","6.81","9.73","2.75","1.00","1.29","0.52","2.49","2.21","11.33","1.86","0.82","3.73","1.05","1.24","10.58","10.03","0.07","0.87","2.39","3.66","12.65","0.06","2.74"
"Minnesota",2017,-70.09,"9.90","7.10","10.18","2.86","0.88","1.14","0.57","2.22","2.38","12.67","1.84","0.86","3.91","0.96","1.40","10.59","11.47","0.09","0.84","2.45","4.31","8.64","0.08","2.64"
"Minnesota",2018,-67.4,"10.23","6.75","10.49","3.08","0.91","1.16","0.53","2.87","2.38","9.09","1.99","0.87","4.04","1.52","2.51","10.90","10.94","0.12","0.99","2.86","4.41","8.38","0.07","2.90"
"Minnesota",2019,-60.39,"10.15","6.73","9.59","2.98","0.86","1.45","0.55","3.16","2.46","7.86","2.44","0.85","4.54","1.87","2.21","9.68","10.85","0.11","1.06","3.15","4.08","10.29","0.10","2.97"
"Mississippi",2010,-77.59,"11.71","3.49","4.56","2.64","0.78","1.05","0.55","1.19","2.72","18.20","2.75","0.94","3.34","1.12","1.72","17.26","9.26","0.06","1.37","5.03","1.90","6.22","0.06","2.08"
"Mississippi",2011,-78.47,"13.32","3.93","4.96","3.23","0.85","1.12","0.36","1.66","1.94","15.82","2.13","1.07","2.84","1.08","1.51","16.31","9.75","0.07","1.62","4.46","2.37","7.02","0.16","2.42"
"Mississippi",2012,-83.81,"11.35","4.62","5.71","3.98","0.99","1.23","0.51","2.44","1.92","15.13","2.11","1.30","3.81","1.13","2.15","12.78","10.32","0.09","1.72","4.61","3.14","6.48","0.34","2.15"
"Mississippi",2013,-72.71,"11.08","3.99","3.90","3.13","0.73","1.19","0.63","1.82","2.20","11.80","2.02","1.16","5.40","1.17","2.36","16.63","10.17","0.12","1.90","4.60","3.17","7.62","0.42","2.77"
"Mississippi",2014,-69.51,"10.04","3.59","4.00","2.88","0.80","1.34","0.45","1.67","2.14","11.76","2.02","1.24","5.25","1.25","2.09","18.04","9.74","0.12","1.54","4.53","3.24","9.26","0.50","2.53"
"Mississippi",2015,-74.54,"9.26","3.72","3.60","2.65","0.66","1.34","0.23","1.76","1.89","16.08","2.60","1.50","4.51","1.27","1.46","14.82","10.01","0.16","1.28","4.21","2.62","11.67","0.33","2.38"
"Mississippi",2016,-70.66,"8.82","3.64","3.59","2.36","0.66","1.11","0.20","1.56","1.77","16.35","2.82","1.31","4.84","1.24","1.10","14.51","9.62","0.08","1.28","3.60","2.84","13.77","0.34","2.59"
"Mississippi",2017,-75,"8.51","3.20","3.47","2.29","0.60","0.99","0.15","1.72","1.85","17.24","2.16","1.18","4.87","1.28","1.21","13.60","8.60","0.12","1.27","3.55","2.88","16.47","0.40","2.35"
"Mississippi",2018,-75.62,"8.81","3.73","3.58","2.40","0.66","1.10","0.26","2.16","1.69","16.75","1.92","1.14","5.11","1.65","2.15","12.55","8.24","0.10","1.07","3.28","2.76","16.12","0.33","2.45"
"Mississippi",2019,-75.71,"7.95","3.51","3.77","2.31","0.66","1.44","0.22","2.03","1.57","11.75","2.21","1.21","5.42","1.83","1.65","10.16","7.53","0.11","1.17","3.75","2.72","23.94","0.47","2.63"
"Missouri",2010,-67.41,"11.43","5.95","12.72","2.39","1.07","1.08","0.82","1.65","2.38","14.40","2.50","0.80","2.87","1.30","1.58","14.33","9.46","0.05","0.89","3.58","1.83","4.46","0.04","2.42"
"Missouri",2011,-60.33,"11.93","6.39","12.25","3.28","1.18","1.07","0.86","1.85","2.01","11.68","2.11","0.95","2.48","1.31","1.42","13.10","11.19","0.08","1.11","3.50","2.67","5.15","0.04","2.39"
"Missouri",2012,-66.08,"11.61","6.53","11.45","3.26","1.25","1.12","0.97","1.72","2.15","12.63","2.20","1.04","2.77","1.52","1.77","11.84","10.55","0.09","1.17","3.69","2.98","5.15","0.06","2.46"
"Missouri",2013,-66.56,"11.07","6.55","10.67","2.89","0.92","1.10","1.03","2.05","2.69","10.15","2.19","0.94","4.10","1.44","2.32","13.36","10.94","0.12","1.01","3.43","2.59","5.37","0.11","2.97"
"Missouri",2014,-67.49,"10.35","5.93","10.04","2.55","1.03","1.04","0.68","2.12","2.42","10.33","2.00","0.86","4.37","1.46","2.57","14.38","10.64","0.09","0.98","3.39","2.67","7.28","0.06","2.77"
"Missouri",2015,-76.49,"10.44","6.27","10.37","2.49","1.11","1.28","0.58","1.89","2.09","16.01","2.39","1.10","3.22","1.00","1.34","12.67","9.89","0.09","0.67","3.13","2.08","7.40","0.07","2.43"
"Missouri",2016,-71.76,"9.78","6.04","8.43","2.22","1.06","1.08","0.47","1.62","2.01","15.36","2.30","1.25","3.96","1.22","1.04","12.02","9.91","0.09","0.80","3.12","2.59","11.04","0.06","2.51"
"Missouri",2017,-74.3,"9.65","5.75","9.64","2.22","0.96","0.91","0.45","1.56","1.87","15.07","2.25","1.05","4.17","1.42","1.13","11.29","10.10","0.09","0.72","2.94","2.72","11.53","0.08","2.45"
"Missouri",2018,-71.7,"9.91","5.75","10.12","2.46","0.93","0.98","0.48","2.69","1.94","13.46","2.00","1.20","4.69","1.86","2.29","11.06","9.81","0.09","0.93","3.07","2.81","8.66","0.09","2.72"
"Missouri",2019,-66.57,"9.19","5.13","8.48","2.25","0.87","1.07","0.47","2.54","1.88","11.99","2.32","1.18","4.86","2.09","1.92","10.04","8.94","0.11","0.94","3.02","2.49","15.64","0.10","2.50"
"Montana",2010,-79.73,"11.47","3.49","4.51","2.05","1.32","1.40","0.94","1.69","2.66","25.10","2.95","0.81","2.86","1.31","1.77","13.41","9.24","0.20","1.13","4.24","1.36","4.11","0.15","1.82"
"Montana",2011,-78.03,"12.24","3.89","4.47","2.54","1.61","1.43","0.47","1.85","2.38","22.00","2.30","1.11","2.88","1.45","1.62","13.72","8.87","0.23","1.52","4.46","1.45","5.72","0.09","1.69"
"Montana",2012,-73.91,"11.04","4.89","5.78","3.10","1.79","1.61","0.57","2.21","2.66","19.62","2.67","1.08","3.55","1.47","2.34","11.13","9.71","0.21","1.33","4.19","1.59","5.06","0.16","2.25"
"Montana",2013,-66.61,"8.98","3.87","4.00","2.13","1.27","1.36","0.64","2.26","3.02","12.82","2.88","0.94","5.44","2.24","3.39","12.85","12.12","0.47","2.75","4.60","2.08","6.59","0.26","3.04"
"Montana",2014,-72.09,"8.93","4.09","4.56","2.45","2.38","1.40","0.54","1.82","2.68","13.14","2.58","1.00","4.77","2.34","3.00","13.28","11.66","0.26","2.41","4.21","2.12","7.43","0.29","2.66"
"Montana",2015,-71.86,"7.72","3.59","3.77","2.24","1.56","1.79","0.51","1.86","2.35","18.43","3.21","1.41","4.20","2.03","2.23","11.88","11.76","0.49","1.88","3.91","2.27","8.15","0.16","2.59"
"Montana",2016,-70.31,"7.85","3.84","3.36","1.69","1.45","1.87","0.55","2.05","2.19","20.93","2.85","1.23","3.81","2.24","2.00","12.26","11.10","0.39","2.26","3.45","2.68","7.29","0.15","2.51"
"Montana",2017,-75.41,"7.81","3.70","2.76","1.58","1.15","1.28","0.40","1.90","1.92","27.20","2.48","1.02","3.30","1.70","1.94","13.91","9.37","0.17","1.58","3.25","1.99","7.54","0.15","1.91"
"Montana",2018,-74.28,"7.49","3.64","3.23","2.00","1.58","1.29","0.49","2.67","1.94","23.61","2.23","1.12","3.43","2.27","3.19","11.42","8.25","0.52","1.71","3.53","1.75","10.59","0.12","1.93"
"Montana",2019,-76.57,"7.96","3.92","3.77","2.28","1.59","1.93","0.57","2.51","2.20","15.62","2.69","1.19","4.35","2.29","2.58","10.15","8.80","0.46","1.84","4.25","2.17","14.41","0.21","2.24"
"Nebraska",2010,-51.07,"10.85","5.72","8.90","2.52","1.14","1.23","0.57","1.92","2.20","13.25","2.96","0.96","3.10","1.72","1.60","13.11","11.22","0.21","1.88","4.05","3.32","4.77","0.03","2.77"
"Nebraska",2011,-64.72,"12.32","6.58","11.22","3.01","1.17","1.24","0.58","2.81","1.80","12.29","2.55","0.85","2.18","1.22","1.17","12.53","11.61","0.05","1.10","3.69","2.69","4.32","0.03","2.98"
"Nebraska",2012,-70.37,"11.18","6.54","11.15","3.36","1.53","1.24","0.65","2.80","2.16","13.08","2.42","0.85","2.15","1.17","1.40","10.85","10.82","0.16","1.36","4.20","3.35","4.56","0.04","2.97"
"Nebraska",2013,-61.11,"9.99","5.86","9.34","3.07","1.09","1.52","0.90","3.04","3.70","9.79","2.29","0.89","3.65","1.44","1.77","12.03","11.28","0.14","1.73","4.11","3.45","5.73","0.07","3.13"
"Nebraska",2014,-62.93,"9.52","5.64","7.94","2.46","0.98","1.53","0.62","2.58","2.35","11.74","2.57","0.94","3.78","1.80","1.68","11.55","11.80","0.18","2.08","4.24","4.07","6.86","0.07","3.01"
"Nebraska",2015,-71.04,"9.29","6.02","8.48","2.31","1.06","1.66","0.38","2.71","2.15","16.78","3.04","1.11","3.04","1.24","1.15","11.36","10.70","0.16","1.03","3.65","3.04","6.72","0.08","2.83"
"Nebraska",2016,-64.76,"7.99","4.63","6.58","1.87","0.87","1.02","0.27","2.13","1.75","15.92","2.75","1.04","2.96","1.16","0.82","11.82","8.91","0.09","1.34","3.17","3.18","17.02","0.10","2.62"
"Nebraska",2017,-70.94,"8.80","5.17","7.24","2.14","0.83","1.15","0.33","2.86","2.04","17.12","2.31","1.02","3.53","1.09","0.93","11.90","9.37","0.12","1.21","3.25","3.21","11.67","0.09","2.64"
"Nebraska",2018,-66.09,"9.51","5.66","8.28","2.37","0.86","1.17","0.43","3.07","2.23","12.87","2.23","1.21","4.74","1.77","2.28","11.50","10.54","0.08","1.50","3.75","3.04","7.64","0.11","3.13"
"Nebraska",2019,-61.68,"8.95","5.07","7.23","2.14","0.81","1.15","0.37","2.79","2.10","10.15","2.45","1.13","5.13","2.04","1.83","10.12","9.63","0.13","1.71","4.00","3.05","15.08","0.15","2.80"
"Nevada",2010,-67.07,"12.05","5.20","5.93","2.19","0.83","1.01","1.32","2.25","2.45","15.19","2.41","1.31","5.59","1.80","3.52","14.68","10.33","0.07","1.11","3.59","1.85","2.99","0.06","2.25"
"Nevada",2011,-65.36,"13.33","5.24","6.48","2.36","0.93","1.01","0.96","2.21","2.35","14.83","2.14","1.35","5.82","1.91","3.54","13.73","9.92","0.07","0.95","3.56","1.74","3.20","0.07","2.30"
"Nevada",2012,-62.46,"12.48","5.96","6.87","2.20","0.91","1.08","1.12","2.08","2.30","12.56","1.87","1.59","7.59","2.24","4.03","12.24","10.81","0.04","0.76","3.66","1.67","3.13","0.09","2.71"
"Nevada",2013,-68.37,"11.08","5.33","6.06","2.22","0.78","0.98","1.09","2.21","2.56","11.11","2.00","1.64","7.67","2.15","3.69","13.09","12.26","0.06","1.12","3.89","1.97","4.17","0.11","2.75"
"Nevada",2014,-72.31,"11.00","5.00","5.40","2.11","0.90","1.08","0.77","2.07","2.32","11.68","2.15","1.90","8.30","2.40","3.84","12.37","11.26","0.07","1.39","3.98","2.39","4.77","0.11","2.75"
"Nevada",2015,-73.89,"11.29","5.74","6.50","2.22","0.93","1.22","0.44","2.27","2.28","15.20","2.08","1.83","6.52","1.69","2.82","12.20","11.25","0.07","0.88","3.28","1.77","5.00","0.09","2.42"
"Nevada",2016,-70.02,"10.49","5.66","5.44","2.18","0.90","1.29","0.38","2.82","1.96","16.04","1.94","1.72","6.62","1.72","2.24","12.52","11.13","0.11","1.08","3.43","2.07","5.45","0.06","2.75"
"Nevada",2017,-71.24,"9.74","5.76","5.58","2.18","0.77","0.87","0.39","2.79","1.69","19.18","1.75","1.56","6.39","1.80","2.14","11.87","10.52","0.07","1.06","3.41","1.99","5.88","0.09","2.52"
"Nevada",2018,-61.56,"10.56","5.36","5.47","2.20","0.73","1.07","0.53","2.86","1.97","12.80","1.80","1.72","7.57","2.37","3.70","12.08","11.42","0.07","1.22","3.68","2.33","5.63","0.10","2.76"
"Nevada",2019,-53.88,"10.43","5.49","5.68","2.27","0.75","1.17","0.56","3.08","2.00","11.37","1.86","1.72","8.32","2.41","3.37","12.11","11.55","0.08","1.28","3.77","2.22","5.66","0.12","2.72"
"New Hampshire",2010,-72.05,"10.82","5.52","10.63","4.36","0.59","1.32","0.54","2.98","2.30","15.43","2.54","0.65","2.88","1.28","2.22","12.59","9.81","0.05","0.97","3.34","3.43","3.83","0.11","1.81"
"New Hampshire",2011,-72.12,"12.30","6.02","12.88","5.14","0.70","1.06","0.60","3.01","2.14","12.51","2.05","0.61","1.79","1.08","1.91","13.11","10.08","0.05","0.76","2.75","4.01","3.55","0.05","1.83"
"New Hampshire",2012,-76.26,"11.89","6.19","11.14","4.59","0.76","1.36","0.83","4.90","2.22","12.79","1.96","0.71","2.27","1.13","2.42","12.62","9.71","0.04","0.79","2.75","3.37","3.44","0.06","2.06"
"New Hampshire",2013,-66.74,"10.59","5.11","8.38","4.07","0.68","1.28","0.55","3.78","2.67","11.39","2.35","0.76","3.90","1.45","2.56","13.70","10.82","0.09","0.90","3.11","5.06","4.18","0.08","2.53"
"New Hampshire",2014,-64.15,"9.57","4.97","8.33","4.21","0.86","1.33","0.33","3.55","2.79","10.77","2.50","0.62","3.95","1.52","2.87","12.70","10.36","0.07","1.06","3.08","7.22","4.79","0.07","2.49"
"New Hampshire",2015,-72.76,"8.70","5.13","9.46","2.94","0.75","1.42","0.23","3.47","2.32","16.21","2.35","1.20","2.74","1.15","1.37","13.64","11.16","0.10","0.98","2.80","3.76","5.84","0.06","2.25"
"New Hampshire",2016,-64.79,"7.55","4.89","6.87","2.69","0.83","1.36","0.22","3.12","2.32","19.39","2.21","1.03","3.19","1.08","1.12","14.11","10.42","0.04","1.05","2.32","4.42","7.30","0.07","2.40"
"New Hampshire",2017,-65.76,"7.60","4.58","6.23","2.82","0.71","1.07","0.24","3.26","2.00","25.57","1.77","0.88","2.61","0.96","1.19","12.99","9.74","0.03","0.86","1.87","4.14","6.57","0.06","2.27"
"New Hampshire",2018,-71.13,"7.83","3.98","7.16","3.79","0.86","0.88","0.28","5.22","2.10","19.92","1.84","0.86","3.39","1.52","3.66","11.59","8.70","0.03","1.08","2.51","4.27","6.29","0.04","2.19"
"New Hampshire",2019,-71.86,"8.59","4.78","7.55","3.10","0.71","1.34","0.33","4.20","2.33","13.20","2.21","0.97","3.82","1.95","2.18","12.90","9.93","0.16","1.28","2.78","4.23","8.68","0.09","2.69"
"New Jersey",2010,-61.19,"13.84","7.78","20.51","2.63","1.17","0.85","0.97","1.57","2.02","10.64","2.32","0.84","1.88","0.81","1.28","10.85","9.96","0.03","0.54","2.45","1.76","2.86","0.03","2.42"
"New Jersey",2011,-59.05,"15.51","8.66","19.49","2.75","1.36","0.87","1.00","1.66","1.96","8.58","2.00","0.89","1.82","0.86","1.35","11.33","9.84","0.04","0.53","2.32","1.70","2.88","0.01","2.58"
"New Jersey",2012,-58.52,"14.97","8.64","17.54","2.68","1.43","0.91","1.42","1.70","2.05","9.35","2.12","0.77","2.50","0.96","1.59","11.33","10.10","0.03","0.49","2.35","1.66","2.63","0.02","2.76"
"New Jersey",2013,-60.4,"14.58","8.42","16.41","2.62","1.21","0.93","1.34","2.72","2.30","7.43","1.91","0.87","3.09","0.93","1.75","12.55","10.20","0.04","0.51","2.53","1.69","3.00","0.05","2.92"
"New Jersey",2014,-62.5,"13.50","7.77","13.98","2.43","1.34","1.05","0.99","2.89","2.39","8.48","2.16","0.89","4.10","0.99","2.61","12.15","10.02","0.05","0.53","2.61","2.17","4.24","0.06","2.60"
"New Jersey",2015,-62.43,"13.53","8.29","14.79","2.54","1.29","1.02","0.67","2.49","2.30","10.73","2.02","1.07","2.71","0.80","1.13","12.28","10.23","0.04","0.55","2.62","1.65","4.55","0.04","2.66"
"New Jersey",2016,-62.96,"12.76","7.55","12.55","2.32","1.28","0.92","0.59","1.89","2.00","11.27","2.14","1.14","2.85","0.88","0.97","12.39","9.96","0.04","0.58","3.24","1.95","7.75","0.04","2.94"
"New Jersey",2017,-63.87,"12.20","7.86","14.73","2.46","1.14","0.82","0.53","1.63","1.96","11.56","1.94","1.04","3.29","0.88","0.99","11.74","10.18","0.05","0.54","2.43","1.84","7.37","0.03","2.79"
"New Jersey",2018,-66.04,"11.93","7.08","14.51","2.30","1.11","0.97","0.58","2.74","1.94","10.12","2.11","1.06","3.77","1.31","2.32","10.86","10.60","0.06","0.68","2.56","1.91","6.54","0.04","2.92"
"New Jersey",2019,-61.99,"11.02","6.81","12.11","2.02","1.01","1.18","0.65","2.63","2.03","10.40","2.66","1.18","3.81","1.40","2.00","10.51","11.22","0.05","0.68","2.62","2.07","8.99","0.06","2.89"
"New Mexico",2010,-71.5,"11.42","4.48","5.91","2.89","1.20","1.21","0.67","3.37","2.47","21.36","3.12","1.03","2.93","1.21","2.46","12.68","9.60","0.06","1.28","3.79","1.54","3.22","0.08","2.04"
"New Mexico",2011,-60.57,"11.06","4.09","5.36","3.00","1.01","1.34","0.67","3.40","2.10","18.33","2.94","1.24","3.00","1.40","2.40","12.71","11.65","0.08","1.77","4.09","1.94","4.14","0.06","2.23"
"New Mexico",2012,-71.04,"11.13","4.38","5.77","3.35","1.22","1.44","0.76","5.11","2.40","17.73","2.74","1.44","3.22","1.49","2.19","10.80","10.04","0.07","1.82","4.43","2.04","4.15","0.09","2.20"
"New Mexico",2013,-63.68,"10.52","4.69","5.83","2.89","1.04","1.64","0.98","4.24","3.81","15.42","2.75","1.21","3.53","1.31","2.27","11.65","11.20","0.07","1.61","4.03","1.85","4.62","0.11","2.71"
"New Mexico",2014,-66.72,"10.36","4.61","5.55","2.97","1.68","1.96","0.76","4.58","2.57","17.35","2.71","1.50","2.99","1.28","1.67","11.58","10.86","0.08","1.35","3.46","1.70","5.70","0.14","2.58"
"New Mexico",2015,-73.12,"10.48","4.07","5.09","3.21","1.59","1.93","0.42","3.83","2.34","22.24","2.76","1.91","2.94","1.05","1.21","10.50","10.41","0.07","1.07","3.00","1.47","6.10","0.11","2.18"
"New Mexico",2016,-71.25,"9.99","3.79","4.83","2.83","1.70","1.74","0.34","3.27","2.20","25.37","3.00","1.45","3.21","0.99","1.18","10.41","9.53","0.04","1.02","2.69","1.67","6.27","0.12","2.39"
"New Mexico",2017,-71.34,"9.13","3.44","5.23","2.97","1.23","1.43","0.36","2.97","2.05","27.21","2.59","1.37","3.86","1.18","1.21","9.92","9.05","0.03","1.01","2.74","1.68","7.24","0.10","1.99"
"New Mexico",2018,-68.16,"9.57","4.17","5.88","3.28","1.45","1.46","0.58","3.55","2.06","21.09","2.35","1.45","4.62","1.76","2.53","10.02","9.62","0.04","1.41","3.50","1.67","5.48","0.13","2.33"
"New Mexico",2019,-65.16,"9.57","4.20","6.13","3.47","1.21","1.65","0.50","3.48","1.97","16.87","2.74","1.68","5.15","1.83","2.31","9.40","9.28","0.05","1.50","3.88","1.81","8.86","0.16","2.28"
"New York",2010,-65.02,"16.26","9.26","18.77","2.68","0.97","1.19","1.66","2.04","3.77","8.00","1.41","0.66","1.84","0.79","1.26","10.96","9.09","0.04","0.68","2.04","1.49","1.93","0.03","3.16"
"New York",2011,-67.33,"17.08","9.80","17.14","2.64","0.89","1.01","1.95","2.14","3.71","7.69","1.20","0.70","1.56","0.75","1.31","11.67","9.13","0.04","0.64","2.03","1.57","2.16","0.02","3.15"
"New York",2012,-70.12,"16.97","10.27","16.11","2.70","0.91","1.15","2.52","2.34","3.79","7.55","1.08","0.67","1.83","0.79","1.41","11.55","9.29","0.03","0.50","1.85","1.47","1.79","0.04","3.39"
"New York",2013,-64.98,"15.59","9.55","13.93","2.34","0.84","1.22","2.22","2.38","4.16","7.45","1.37","0.80","2.45","0.83","1.63","12.63","9.88","0.05","0.70","2.15","1.53","2.48","0.06","3.76"
"New York",2014,-66.83,"15.64","9.19","12.99","2.18","1.00","1.28","1.98","2.27","3.95","7.95","1.43","0.77","2.73","0.88","1.97","12.28","10.11","0.05","0.69","2.18","1.82","2.94","0.08","3.65"
"New York",2015,-64.89,"15.45","9.57","15.62","2.73","0.94","1.21","1.35","2.33","3.39","10.28","1.33","0.89","2.33","0.60","0.89","11.58","9.25","0.03","0.63","1.97","1.53","2.84","0.06","3.21"
"New York",2016,-70.03,"14.61","8.73","11.18","2.44","0.92","1.21","1.08","2.22","3.32","12.15","1.47","0.98","2.92","0.70","1.10","11.96","9.78","0.05","0.72","2.41","1.67","4.99","0.05","3.33"
"New York",2017,-70.4,"14.32","8.70","12.98","2.54","0.86","1.16","1.03","2.31","3.61","11.78","1.36","1.03","3.10","0.75","0.96","11.21","10.03","0.04","0.64","1.89","1.57","4.74","0.06","3.32"
"New York",2018,-71.12,"14.37","8.37","13.50","2.39","0.80","1.31","1.13","2.93","3.75","10.31","1.57","0.99","3.20","0.99","2.07","10.29","10.23","0.04","0.67","1.91","1.65","3.79","0.05","3.69"
"New York",2019,-64.61,"13.48","8.07","13.62","2.46","0.76","1.38","1.09","2.62","3.68","9.35","1.81","0.97","3.46","1.12","1.71","9.69","10.43","0.06","0.72","2.11","1.75","6.04","0.07","3.55"
"North Carolina",2010,-61.02,"11.17","6.14","14.09","3.08","1.01","1.39","0.77","2.59","2.10","11.82","2.76","0.88","2.68","1.25","1.70","12.38","8.95","0.07","1.62","4.00","2.98","3.86","0.04","2.64"
"North Carolina",2011,-66.21,"12.93","6.60","16.98","4.34","1.05","1.08","0.82","2.03","1.99","11.97","2.24","0.74","1.97","0.85","1.40","12.37","8.21","0.03","1.00","2.99","2.44","3.55","0.05","2.37"
"North Carolina",2012,-71.79,"12.06","6.88","15.07","3.79","1.32","1.00","1.13","2.77","2.06","11.75","2.03","0.87","2.54","1.02","1.98","11.20","9.27","0.04","0.95","3.09","2.69","3.76","0.06","2.67"
"North Carolina",2013,-67.61,"11.84","6.57","13.13","3.33","1.04","1.07","1.14","2.82","2.68","9.94","2.00","0.93","3.51","1.07","1.99","12.48","9.59","0.07","1.24","3.18","2.75","4.45","0.09","3.10"
"North Carolina",2014,-68.92,"11.20","5.84","12.14","3.15","1.08","1.13","0.70","3.68","2.23","10.06","2.24","0.80","3.87","1.28","2.03","13.41","9.12","0.07","1.37","3.31","2.92","5.40","0.09","2.88"
"North Carolina",2015,-73.57,"11.63","6.95","13.61","3.30","1.05","0.97","0.46","2.15","2.08","13.59","2.21","0.92","2.99","0.87","1.12","12.39","9.29","0.09","0.88","3.11","2.41","5.32","0.07","2.54"
"North Carolina",2016,-73.69,"11.15","6.43","12.55","2.94","1.02","0.81","0.38","1.96","1.97","14.51","2.34","0.83","3.56","0.87","0.81","11.87","8.92","0.10","0.97","3.19","2.80","7.14","0.08","2.80"
"North Carolina",2017,-76.31,"10.58","6.58","12.96","3.21","0.99","0.73","0.38","2.10","2.10","14.73","2.06","0.80","3.77","0.97","0.85","11.54","8.70","0.11","1.01","3.10","2.87","7.14","0.08","2.66"
"North Carolina",2018,-68.37,"10.75","6.55","13.36","2.90","0.98","0.82","0.45","2.46","2.00","11.14","2.00","0.90","4.45","1.67","2.18","10.83","8.90","0.09","1.47","3.63","2.94","6.62","0.06","2.85"
"North Carolina",2019,-66.09,"10.54","6.16","12.30","2.71","0.92","0.94","0.48","2.43","1.95","10.04","1.94","0.94","4.74","1.83","1.86","10.71","8.51","0.13","1.62","3.69","2.85","9.75","0.10","2.87"
"North Dakota",2010,-74.29,"9.75","3.45","4.22","2.93","1.50","1.25","0.66","1.44","2.55","18.05","2.75","0.87","1.89","1.19","1.52","15.55","9.56","0.12","2.31","5.83","2.79","7.32","0.09","2.39"
"North Dakota",2011,-74.46,"10.18","3.76","4.75","4.02","1.24","1.33","0.44","1.62","2.10","14.54","2.11","0.97","2.07","1.34","1.01","13.27","9.14","0.23","3.49","6.65","3.86","9.64","0.05","2.18"
"North Dakota",2012,-74.35,"9.79","4.86","5.95","4.88","1.51","1.09","0.57","1.92","2.32","13.98","1.98","0.91","2.07","1.24","1.20","10.29","10.37","0.22","3.18","6.43","4.47","8.18","0.08","2.50"
"North Dakota",2013,-58.69,"9.20","4.53","4.51","4.14","1.16","1.24","0.96","2.01","2.84","9.13","2.05","0.92","3.39","1.74","1.77","12.49","12.09","0.24","3.08","6.09","4.04","8.66","0.19","3.53"
"North Dakota",2014,-65.69,"8.72","4.12","4.79","5.00","1.30","1.01","0.51","2.05","2.61","8.94","1.73","0.84","2.97","1.79","1.55","11.83","11.35","0.57","3.86","7.17","4.57","9.58","0.17","2.97"
"North Dakota",2015,-75.5,"8.72","4.28","4.52","4.98","1.21","1.18","0.30","1.79","2.68","15.20","1.97","1.66","2.69","1.16","1.04","13.05","10.04","0.34","3.26","6.16","3.10","7.82","0.22","2.61"
"North Dakota",2016,-67.6,"7.66","3.85","4.64","3.15","1.27","1.04","0.30","2.13","2.50","19.22","2.45","1.00","3.04","1.26","1.05","14.12","8.78","0.37","2.91","4.36","4.26","7.82","0.22","2.60"
"North Dakota",2017,-73.83,"7.27","4.45","3.49","3.15","0.89","0.67","0.15","1.47","2.29","23.49","1.80","0.95","2.54","0.93","0.68","15.03","7.91","0.16","2.44","4.50","3.76","9.58","0.19","2.20"
"North Dakota",2018,-69.7,"7.95","4.07","6.37","3.37","0.99","0.86","0.37","2.70","2.12","20.56","1.69","0.79","2.47","1.15","1.87","12.73","6.70","0.06","2.09","3.86","3.04","11.91","0.11","2.17"
"North Dakota",2019,-80.08,"7.84","4.00","4.78","3.24","1.19","1.02","0.34","2.13","2.09","16.33","2.61","0.87","2.86","1.44","1.15","9.90","7.61","0.10","2.90","4.74","3.41","16.61","0.28","2.57"
"Ohio",2010,-67.38,"12.27","6.62","14.15","3.61","0.78","0.79","0.69","1.90","2.19","11.28","2.15","0.67","2.38","1.08","1.38","13.91","9.98","0.03","0.98","3.23","3.18","4.33","0.04","2.39"
"Ohio",2011,-65.1,"12.79","6.80","14.68","4.75","0.84","0.77","0.72","1.67","1.90","10.64","1.88","0.67","1.92","0.94","1.28","13.05","9.71","0.03","0.91","3.17","3.68","4.77","0.04","2.37"
"Ohio",2012,-73.64,"12.00","7.12","13.87","5.16","1.00","0.93","1.02","2.06","1.89","11.13","2.00","0.86","2.18","1.03","1.72","11.03","9.91","0.04","0.91","3.22","3.74","4.58","0.06","2.54"
"Ohio",2013,-70.31,"11.68","6.94","10.69","4.58","0.88","1.03","1.07","2.21","2.36","9.51","2.06","0.87","2.93","1.08","1.75","12.68","11.16","0.06","0.94","3.37","3.70","5.52","0.07","2.86"
"Ohio",2014,-68.41,"10.56","6.19","9.73","3.98","0.91","1.08","0.73","2.03","2.18","10.01","2.28","0.89","3.10","1.22","1.95","12.95","10.41","0.05","1.13","3.53","3.74","8.58","0.06","2.69"
"Ohio",2015,-67.63,"10.71","6.90","9.55","3.81","0.86","1.10","0.45","1.82","1.95","13.65","2.43","0.91","3.22","0.93","1.22","11.92","10.25","0.06","0.90","3.40","2.92","8.71","0.04","2.29"
"Ohio",2016,-70.34,"9.88","6.23","8.22","3.14","0.89","0.93","0.36","1.62","1.78","15.31","2.09","0.91","3.84","0.92","1.15","12.04","9.98","0.05","0.84","3.04","3.12","11.17","0.04","2.45"
"Ohio",2017,-74.97,"9.49","6.03","8.55","3.35","0.77","0.84","0.32","1.52","1.74","15.44","2.11","0.81","3.78","1.03","1.11","11.38","10.19","0.06","0.94","2.86","3.50","11.89","0.04","2.26"
"Ohio",2018,-69.99,"9.70","5.79","9.44","3.26","0.77","0.88","0.39","2.31","1.76","11.23","2.17","0.85","4.46","1.80","2.27","11.00","9.93","0.08","1.21","3.59","4.22","10.23","0.04","2.60"
"Ohio",2019,-64.24,"9.48","5.79","10.67","3.36","0.76","1.02","0.43","2.20","1.77","11.60","2.66","0.95","4.80","2.23","2.16","10.68","9.73","0.10","1.31","3.71","3.65","8.22","0.07","2.66"
"Oklahoma",2010,-65,"10.11","4.92","6.22","3.47","0.71","1.05","0.55","2.28","2.28","14.00","3.05","0.88","2.95","1.53","1.44","14.11","11.24","0.08","2.11","4.97","3.82","5.34","0.10","2.79"
"Oklahoma",2011,-72.75,"10.68","5.45","7.13","4.31","0.87","1.03","0.49","2.26","1.76","14.01","2.73","0.99","2.05","1.40","1.14","11.73","11.30","0.10","1.90","4.87","4.98","6.16","0.11","2.57"
"Oklahoma",2012,-79.35,"10.35","5.71","8.30","4.74","0.99","1.16","0.70","3.39","1.88","15.25","2.76","1.01","2.13","1.12","1.36","9.52","10.65","0.04","1.68","4.54","4.42","5.46","0.20","2.62"
"Oklahoma",2013,-69.21,"10.36","5.41","6.14","4.27","0.78","1.29","0.67","2.65","2.20","12.62","2.54","1.21","3.12","1.30","1.58","12.32","12.62","0.09","1.78","4.43","3.57","5.82","0.15","3.07"
"Oklahoma",2014,-75.57,"9.60","5.45","6.40","4.57","0.96","1.27","0.60","2.39","2.28","11.50","2.23","1.10","2.85","1.39","1.39","12.62","11.33","0.09","1.78","4.86","4.64","7.40","0.18","3.09"
"Oklahoma",2015,-78.96,"9.79","4.89","6.08","3.57","0.72","1.34","0.30","2.42","2.18","17.72","2.39","1.50","3.46","1.11","1.16","13.27","10.45","0.05","1.33","4.25","2.10","7.23","0.17","2.53"
"Oklahoma",2016,-70.46,"8.28","3.82","4.56","2.18","0.61","1.01","0.24","1.69","1.61","16.59","2.35","1.08","3.15","1.00","0.91","11.81","8.75","0.08","1.25","3.36","2.32","20.55","0.10","2.68"
"Oklahoma",2017,-74.94,"8.47","4.52","5.92","2.76","0.63","1.01","0.23","2.11","1.86","18.91","2.52","1.03","3.20","1.24","0.92","12.28","9.81","0.06","1.27","3.32","3.37","12.08","0.18","2.30"
"Oklahoma",2018,-60.86,"8.49","4.41","5.23","3.01","0.64","1.03","0.34","2.80","1.89","12.79","2.21","1.04","4.69","1.82","2.31","12.81","10.47","0.06","1.60","4.27","3.94","11.54","0.12","2.48"
"Oklahoma",2019,-63.35,"8.66","4.56","5.37","2.87","0.66","1.38","0.38","2.79","1.82","12.79","2.66","1.06","5.29","1.95","2.04","11.77","10.44","0.08","1.58","4.38","3.56","11.09","0.15","2.65"
"Oregon",2010,-57.09,"10.98","5.93","11.79","3.59","1.09","1.28","0.62","2.22","2.45","12.34","2.85","0.79","3.16","1.56","2.33","12.25","10.60","0.15","1.20","3.64","3.09","3.70","0.03","2.36"
"Oregon",2011,-50.19,"12.50","6.53","13.32","4.71","0.91","1.22","0.68","1.87","2.14","10.41","2.38","0.95","2.24","1.10","2.01","13.38","9.47","0.12","1.16","3.57","3.31","3.88","0.04","2.12"
"Oregon",2012,-60.21,"11.11","6.39","13.88","4.73","1.03","1.20","1.10","2.29","2.50","10.04","2.32","0.90","2.77","1.46","2.20","10.88","10.19","0.15","1.37","3.65","3.26","4.07","0.08","2.42"
"Oregon",2013,-55.69,"10.68","6.29","11.59","3.56","0.93","1.35","0.92","2.53","2.76","9.80","2.56","0.95","3.15","1.44","2.65","11.59","11.80","0.13","1.43","3.43","3.20","4.47","0.15","2.67"
"Oregon",2014,-67.73,"10.73","5.80","11.71","3.39","1.33","1.57","0.62","2.31","2.45","12.39","2.97","0.77","3.10","1.44","2.26","10.89","10.97","0.10","1.26","2.95","3.14","5.08","0.22","2.56"
"Oregon",2015,-46.21,"11.07","5.99","9.87","2.99","1.24","1.64","0.38","2.97","2.93","13.09","2.61","0.94","4.29","1.37","1.76","10.81","10.29","0.10","1.13","2.97","2.76","6.02","0.15","2.63"
"Oregon",2016,-51.57,"10.13","5.60","8.47","2.79","1.18","1.62","0.33","2.58","2.79","14.63","2.59","0.90","3.61","1.24","1.43","10.99","10.11","0.10","1.25","3.06","2.83","8.84","0.10","2.85"
"Oregon",2017,-61.2,"10.03","5.62","7.97","2.92","0.98","1.50","0.32","2.75","2.20","16.87","2.83","0.98","3.84","1.27","1.48","10.46","10.71","0.09","1.18","2.94","3.06","7.31","0.12","2.60"
"Oregon",2018,-60.76,"10.49","5.70","8.81","2.98","0.99","1.46","0.44","3.64","2.53","11.86","2.14","0.91","4.45","1.74","2.83","10.32","10.69","0.09","1.22","3.35","3.30","7.07","0.09","2.90"
"Oregon",2019,-59.97,"10.54","5.69","8.51","2.92","0.94","1.64","0.51","3.67","2.50","10.79","2.49","1.01","4.44","1.92","2.68","10.49","10.65","0.11","1.26","3.65","3.31","7.05","0.19","3.02"
"Pennsylvania",2010,-67.96,"11.75","5.97","11.24","3.03","1.09","1.17","0.83","1.82","2.05","15.16","3.26","0.80","2.86","1.36","1.72","11.78","10.00","0.05","1.25","3.23","2.89","4.38","0.02","2.30"
"Pennsylvania",2011,-69.22,"13.31","7.24","12.65","3.80","1.13","1.02","1.78","1.91","2.07","11.22","2.61","0.83","2.07","1.17","1.83","11.74","9.45","0.06","1.13","2.99","2.90","4.45","0.03","2.64"
"Pennsylvania",2012,-75.25,"13.14","7.50","13.63","4.11","1.27","0.92","1.49","2.01","2.22","11.35","2.38","0.86","2.35","0.93","1.73","11.66","9.80","0.05","0.79","2.65","2.59","3.84","0.08","2.66"
"Pennsylvania",2013,-66.87,"12.40","6.99","11.11","3.28","1.03","1.13","1.22","2.22","2.49","10.92","2.48","0.85","3.09","0.92","1.68","13.47","10.62","0.07","0.80","2.94","2.48","4.81","0.13","2.88"
"Pennsylvania",2014,-72.44,"11.85","6.51","9.99","3.19","1.20","1.15","0.86","2.54","2.64","10.67","2.79","0.83","3.03","1.01","1.78","13.47","10.46","0.06","0.98","3.12","2.83","6.27","0.15","2.64"
"Pennsylvania",2015,-74.62,"11.70","6.85","10.01","3.08","1.15","1.15","0.58","1.96","2.25","13.18","2.65","1.11","3.16","0.86","1.37","13.45","10.51","0.05","0.75","2.86","2.20","6.56","0.09","2.46"
"Pennsylvania",2016,-65.14,"10.39","6.08","8.04","2.38","1.08","1.09","0.48","1.99","1.90","13.67","2.52","1.11","3.79","0.93","1.25","13.00","9.80","0.05","0.85","2.89","2.49","11.65","0.08","2.50"
"Pennsylvania",2017,-71.78,"10.26","6.22","8.16","2.55","1.10","1.00","0.47","2.22","1.94","14.00","2.11","0.94","4.06","1.04","1.34","12.71","10.26","0.05","0.85","2.60","2.64","10.87","0.09","2.53"
"Pennsylvania",2018,-70.91,"10.54","6.27","9.79","2.64","1.06","1.13","0.57","3.06","2.06","11.38","2.26","0.94","4.16","1.49","2.56","11.03","10.63","0.07","1.03","2.92","2.87","8.68","0.06","2.81"
"Pennsylvania",2019,-66.95,"10.30","6.21","9.43","2.70","1.06","1.37","0.62","2.91","2.12","11.79","2.76","1.07","4.54","1.79","2.35","10.32","10.30","0.09","1.14","3.06","2.88","8.12","0.10","2.97"
"Rhode Island",2010,-67.35,"12.91","7.65","11.45","2.28","1.07","1.11","1.11","2.45","2.82","14.47","2.89","0.69","3.49","0.80","2.03","11.32","10.04","0.04","0.73","2.71","2.22","3.01","0.08","2.63"
"Rhode Island",2011,-47.82,"11.10","5.89","8.43","2.08","0.72","0.97","1.16","3.54","2.78","9.42","2.76","0.69","5.65","1.57","3.02","12.30","12.75","0.06","2.07","3.03","3.40","3.99","0.08","2.55"
"Rhode Island",2012,-56.62,"11.06","6.84","9.16","2.14","0.84","1.02","1.32","2.97","2.85","10.05","2.19","0.72","6.14","1.76","3.15","11.67","10.94","0.08","2.01","3.09","3.47","3.80","0.07","2.66"
"Rhode Island",2013,-69.1,"12.78","8.08","10.45","3.11","1.02","1.30","1.28","1.86","2.66","11.03","2.09","0.71","3.28","1.02","1.64","11.86","12.07","0.08","0.66","2.39","4.41","3.20","0.22","2.80"
"Rhode Island",2014,-56.64,"11.39","7.07","11.81","2.82","0.89","1.30","0.71","1.62","2.13","12.51","2.07","0.76","3.98","1.16","1.68","12.70","10.38","0.05","0.80","2.27","4.72","4.29","0.11","2.79"
"Rhode Island",2015,-54.33,"10.67","6.78","11.22","2.08","1.01","1.31","0.42","2.24","2.98","15.31","2.20","0.69","3.61","0.89","1.09","15.50","10.53","0.04","0.77","1.84","1.94","4.16","0.14","2.57"
"Rhode Island",2016,-63.44,"9.06","6.15","8.49","2.12","1.12","1.33","0.39","2.65","2.28","21.01","2.19","0.77","3.77","0.85","1.99","12.80","9.83","0.04","0.82","1.88","1.86","6.02","0.12","2.45"
"Rhode Island",2017,-67.55,"9.02","6.01","8.11","1.92","1.17","1.53","0.40","4.13","2.27","21.94","2.07","0.81","3.54","0.89","1.00","10.42","10.18","0.04","0.72","1.73","1.86","7.34","0.09","2.82"
"Rhode Island",2018,-70.11,"10.49","6.31","10.08","2.36","0.96","1.42","0.54","4.95","2.51","15.65","1.75","0.76","4.04","1.62","3.82","9.61","9.53","0.08","1.04","2.41","2.32","5.14","0.11","2.50"
"Rhode Island",2019,-67.94,"10.32","6.83","9.62","2.13","0.93","1.95","0.57","5.57","2.69","11.44","2.42","0.98","4.58","1.68","2.16","9.87","11.47","0.11","0.93","2.56","2.48","5.64","0.18","2.89"
"South Carolina",2010,-72.36,"10.22","4.58","7.65","4.37","0.58","0.85","0.72","1.74","2.24","15.91","3.25","1.08","3.26","1.46","1.97","15.26","9.12","0.05","1.58","4.49","2.81","4.76","0.04","2.01"
"South Carolina",2011,-67.95,"11.05","4.60","7.80","4.93","0.65","0.87","0.72","2.14","2.04","12.85","2.48","0.94","2.97","1.58","1.72","15.00","10.27","0.04","1.85","4.36","3.60","5.38","0.05","2.12"
"South Carolina",2012,-73.52,"10.07","5.02","8.26","4.74","0.86","1.12","1.03","3.22","2.11","13.01","2.32","1.04","3.00","1.67","1.99","13.41","9.95","0.04","1.90","3.98","3.37","5.46","0.06","2.36"
"South Carolina",2013,-69.71,"10.23","5.33","7.31","4.26","0.86","1.29","0.96","3.12","2.33","13.28","2.40","1.13","3.13","1.18","1.86","13.49","10.90","0.08","1.27","3.86","3.43","5.28","0.20","2.83"
"South Carolina",2014,-67.79,"9.94","5.08","6.85","4.30","1.10","1.30","0.80","2.71","2.26","12.97","2.30","1.13","3.24","1.72","1.72","13.43","10.12","0.08","1.75","4.00","3.83","6.23","0.17","2.98"
"South Carolina",2015,-76.91,"9.93","5.47","6.86","4.20","1.19","1.63","0.72","2.59","1.93","16.27","2.20","1.39","2.93","1.18","1.29","12.76","10.35","0.11","1.23","3.81","2.80","6.42","0.14","2.59"
"South Carolina",2016,-72.42,"9.40","4.89","6.64","3.76","0.92","1.09","0.55","2.09","1.75","17.12","2.35","1.15","3.56","1.22","0.93","12.84","9.72","0.08","1.46","4.24","3.27","8.34","0.12","2.49"
"South Carolina",2017,-74.77,"9.07","4.78","6.44","3.46","0.86","0.98","0.35","2.39","1.70","18.09","2.23","1.04","3.89","1.35","1.02","12.10","9.87","0.08","1.49","3.62","3.26","9.39","0.15","2.40"
"South Carolina",2018,-79.92,"9.54","4.45","6.72","3.81","0.81","1.01","0.35","2.82","1.62","16.41","2.44","1.24","4.54","1.91","2.04","11.55","9.20","0.08","1.91","4.07","3.50","7.26","0.12","2.60"
"South Carolina",2019,-74.89,"9.64","5.19","6.37","3.36","0.98","1.74","0.59","2.77","1.73","14.02","2.30","1.41","4.88","2.20","1.84","10.64","9.50","0.13","1.77","4.10","3.18","8.69","0.17","2.80"
"South Dakota",2010,-71.11,"11.07","4.43","5.49","3.14","1.85","1.80","1.08","2.83","2.69","16.13","2.48","1.05","2.48","1.18","1.57","14.70","10.76","0.15","1.68","4.05","2.40","4.58","0.08","2.33"
"South Dakota",2011,-68.9,"11.06","4.18","5.73","3.14","1.51","1.37","0.40","3.77","2.33","14.96","2.65","1.00","2.56","1.41","1.39","12.79","11.17","0.17","1.98","4.43","3.25","6.27","0.06","2.40"
"South Dakota",2012,-58.77,"9.05","3.61","4.81","2.80","1.31","1.39","0.27","4.06","1.97","15.88","3.48","0.95","4.95","2.45","1.82","9.62","10.85","0.58","2.55","4.55","4.23","5.89","0.03","2.87"
"South Dakota",2013,-58.97,"8.25","3.96","4.31","2.51","1.28","1.39","0.42","4.00","2.42","13.18","3.46","0.98","4.78","2.39","2.01","11.37","11.97","0.56","2.54","4.53","4.16","6.10","0.08","3.40"
"South Dakota",2014,-53.43,"8.41","4.10","4.82","2.59","1.76","1.47","0.33","3.05","2.68","12.68","3.28","0.90","4.67","2.65","1.52","11.11","10.98","0.36","2.63","4.42","4.74","7.60","0.09","3.16"
"South Dakota",2015,-40.24,"7.94","4.34","4.71","2.31","1.15","1.44","0.37","2.26","2.28","14.38","3.46","1.34","3.61","1.73","1.83","12.23","10.93","0.25","2.29","4.35","4.49","9.24","0.09","3.00"
"South Dakota",2016,-40.21,"8.03","4.32","5.81","2.34","1.21","1.30","0.31","1.85","2.73","14.88","3.06","1.01","4.20","1.66","1.54","12.43","9.14","0.17","1.65","3.09","3.74","12.86","0.06","2.59"
"South Dakota",2017,-65.42,"8.06","4.54","4.17","2.01","1.06","0.96","0.25","2.08","2.26","19.75","3.05","1.04","3.41","1.49","0.87","12.70","8.99","0.20","1.59","3.49","4.12","11.42","0.08","2.42"
"South Dakota",2018,-72.87,"7.79","4.35","4.76","2.30","1.05","0.78","0.48","2.69","2.15","19.61","2.06","0.73","3.17","1.35","2.18","15.05","8.47","0.12","1.72","2.91","3.47","10.36","0.08","2.35"
"South Dakota",2019,-78.99,"8.17","5.25","5.03","2.39","1.14","1.05","0.44","2.47","2.33","14.03","2.59","0.90","3.14","1.58","1.51","11.38","8.03","0.13","1.84","3.64","3.45","16.62","0.19","2.71"
"Tennessee",2010,-70.91,"12.05","5.80","8.54","2.59","0.81","1.24","0.68","1.60","2.02","17.18","2.79","0.78","2.54","1.15","1.63","13.96","10.48","0.05","1.09","3.80","2.00","4.99","0.03","2.22"
"Tennessee",2011,-73.76,"13.76","6.36","9.81","3.43","0.98","1.09","0.74","1.43","1.69","15.00","2.28","0.89","1.89","1.01","1.37","13.01","10.50","0.05","0.97","3.15","2.61","5.61","0.04","2.35"
"Tennessee",2012,-79.57,"12.72","6.53","9.52","3.84","1.01","1.07","0.94","2.10","1.95","13.50","2.13","0.94","2.29","1.18","1.83","11.42","10.56","0.06","1.12","3.38","3.41","5.86","0.11","2.54"
"Tennessee",2013,-69.7,"11.58","6.14","7.61","3.06","0.70","1.23","0.82","2.18","2.22","11.89","2.30","0.87","3.40","1.16","1.98","13.65","12.33","0.12","1.09","3.30","3.35","5.96","0.16","2.89"
"Tennessee",2014,-71.98,"10.66","5.60","7.23","2.74","0.75","1.24","0.62","2.11","2.17","11.83","2.34","0.86","3.43","1.45","1.86","14.76","11.69","0.08","1.27","3.44","3.27","7.60","0.21","2.78"
"Tennessee",2015,-72.96,"10.75","6.03","7.33","2.75","0.70","1.15","0.41","2.13","2.13","16.10","2.74","1.04","3.37","1.15","1.41","13.01","10.67","0.07","0.83","3.21","2.66","7.87","0.14","2.36"
"Tennessee",2016,-66.88,"10.52","5.76","6.76","2.39","0.69","1.04","0.34","1.89","1.79","15.52","2.56","0.98","4.17","1.13","0.94","13.10","10.88","0.06","0.91","3.25","2.91","9.59","0.10","2.71"
"Tennessee",2017,-73.21,"9.94","5.55","6.82","2.31","0.65","0.95","0.38","2.04","1.90","16.45","2.47","0.89","4.23","1.25","1.03","12.13","10.66","0.07","0.96","3.03","3.13","10.45","0.13","2.59"
"Tennessee",2018,-68.34,"10.45","5.78","6.99","2.26","0.69","1.02","0.42","2.32","1.89","12.88","2.22","1.07","5.28","1.92","2.33","11.62","10.71","0.06","1.32","3.49","3.21","9.14","0.10","2.84"
"Tennessee",2019,-61.98,"10.20","5.56","6.94","2.17","0.73","1.10","0.42","2.24","1.83","12.10","2.24","1.11","5.74","2.20","2.15","11.44","10.25","0.09","1.40","3.69","2.90","10.53","0.10","2.85"
"Texas",2010,-67.94,"13.10","7.01","13.69","3.73","0.88","0.96","0.89","1.58","2.00","13.79","2.28","0.95","2.39","0.89","1.21","12.59","9.96","0.04","0.98","3.46","1.97","3.19","0.04","2.41"
"Texas",2011,-68.08,"13.70","7.56","13.77","4.55","0.89","0.79","1.11","1.77","1.94","12.77","2.01","0.81","1.94","0.85","1.45","12.27","9.45","0.04","0.92","3.36","2.22","3.45","0.04","2.32"
"Texas",2012,-76.32,"12.94","7.84","13.52","4.92","1.06","0.84","1.31","2.83","1.97","11.72","1.85","0.87","2.22","0.87","1.55","10.63","9.91","0.04","1.01","3.54","2.54","3.56","0.04","2.42"
"Texas",2013,-69.63,"12.45","7.49","11.77","4.46","0.95","0.96","1.28","2.73","2.15","10.81","1.81","0.99","2.72","0.94","1.60","11.87","10.75","0.06","1.17","3.61","2.43","4.03","0.07","2.92"
"Texas",2014,-72.29,"12.07","6.96","11.22","3.72","0.91","1.00","1.11","2.92","2.00","11.70","2.03","0.97","2.71","1.02","1.52","12.19","10.64","0.06","1.26","3.57","2.40","5.18","0.07","2.76"
"Texas",2015,-71.42,"11.87","6.93","10.76","2.85","0.75","0.93","0.60","2.79","1.96","15.12","2.16","1.16","3.55","0.97","1.12","12.22","10.18","0.04","0.99","3.16","1.72","5.70","0.06","2.42"
"Texas",2016,-73.38,"10.86","6.19","9.33","2.35","0.68","0.86","0.54","2.47","1.78","15.71","2.18","1.10","3.92","1.00","0.98","11.52","9.90","0.05","0.99","3.09","1.80","10.10","0.05","2.57"
"Texas",2017,-72.76,"10.68","6.83","11.36","2.74","0.72","0.82","0.49","2.55","1.85","15.02","2.22","1.06","3.81","1.17","1.06","11.02","10.38","0.05","1.08","3.30","2.08","7.11","0.07","2.52"
"Texas",2018,-63.6,"10.76","6.69","11.10","2.62","0.72","0.84","0.56","3.01","1.94","9.67","1.85","1.06","4.49","1.70","2.52","11.54","11.12","0.05","1.31","3.66","2.62","7.19","0.07","2.91"
"Texas",2019,-60.05,"10.79","6.74","10.79","2.69","0.72","0.96","0.61","3.08","2.03","10.06","2.01","1.10","4.87","1.88","2.37","11.42","11.04","0.06","1.35","3.74","2.53","6.09","0.09","2.96"
"Utah",2010,-76.33,"10.30","5.49","12.70","3.56","1.11","1.06","0.84","3.60","2.87","11.98","3.06","1.02","2.33","1.38","1.69","14.74","10.93","0.04","0.92","3.14","2.08","3.03","0.06","2.08"
"Utah",2011,-70.27,"10.64","5.61","13.09","3.90","0.99","0.99","0.65","3.48","2.45","10.20","2.85","1.03","2.54","1.42","1.62","14.18","11.22","0.03","1.02","3.31","2.53","3.90","0.07","2.28"
"Utah",2012,-70.45,"9.81","5.53","11.67","3.66","1.05","1.19","0.84","4.91","2.93","9.82","3.16","0.98","3.29","1.53","2.15","12.11","12.04","0.06","1.22","3.39","2.83","3.34","0.10","2.39"
"Utah",2013,-64.56,"9.68","5.81","10.44","3.27","0.96","1.27","0.72","3.58","2.80","8.28","3.05","1.03","3.74","1.48","1.91","12.59","14.18","0.09","1.16","3.30","3.09","4.51","0.14","2.91"
"Utah",2014,-73.75,"9.70","5.98","10.29","3.19","1.24","1.47","0.52","3.13","2.53","10.10","3.02","0.98","3.25","1.57","1.79","11.71","13.25","0.07","1.10","3.19","3.59","5.37","0.11","2.85"
"Utah",2015,-68.83,"9.10","5.69","9.92","2.66","0.88","1.31","0.40","2.39","2.47","11.24","2.50","1.08","3.83","1.43","1.77","12.20","12.76","0.08","1.53","3.27","3.27","7.50","0.13","2.59"
"Utah",2016,-66.33,"8.68","5.46","8.26","2.46","0.92","1.25","0.34","2.23","2.11","11.04","2.91","1.09","3.99","1.70","1.54","12.52","13.25","0.08","2.15","3.84","3.79","7.45","0.10","2.84"
"Utah",2017,-72.78,"8.59","5.36","8.80","2.85","0.73","1.05","0.25","2.62","2.03","14.01","2.63","1.06","4.13","1.51","1.41","11.44","12.03","0.04","1.46","2.98","3.22","9.14","0.09","2.60"
"Utah",2018,-74.45,"9.37","5.44","9.80","3.28","0.83","1.10","0.33","3.01","2.31","9.99","2.43","1.05","4.29","1.78","2.66","11.52","12.05","0.06","1.60","3.22","3.34","7.59","0.07","2.88"
"Utah",2019,-72.19,"9.92","5.88","8.91","3.03","0.89","1.50","0.47","3.01","2.27","7.71","2.56","1.17","4.61","2.03","2.08","11.04","13.05","0.12","1.71","3.60","3.81","7.46","0.11","3.07"
"Vermont",2010,-68.5,"10.62","4.59","5.83","3.21","0.82","1.70","0.66","4.67","2.60","17.82","2.60","0.65","5.67","1.92","2.96","10.60","9.28","0.18","1.40","3.18","2.57","3.85","0.12","2.52"
"Vermont",2011,-62.91,"10.83","4.30","7.04","3.45","0.77","1.68","0.50","8.11","2.00","13.72","2.24","0.68","4.68","2.22","2.55","10.01","9.43","0.24","1.82","3.30","2.83","5.13","0.08","2.39"
"Vermont",2012,-72.18,"11.52","5.16","9.13","3.74","0.98","1.92","0.68","8.84","2.07","14.42","1.75","0.93","3.13","1.77","1.88","9.28","8.94","0.27","1.32","2.35","3.12","4.03","0.15","2.59"
"Vermont",2013,-71.07,"10.26","4.29","5.51","2.97","0.89","1.70","1.11","9.42","2.84","11.86","2.24","0.96","3.35","1.41","2.09","10.61","11.27","0.08","0.90","3.08","4.35","5.50","0.31","3.00"
"Vermont",2014,-65.77,"10.45","5.14","6.18","3.55","1.16","2.70","0.55","6.52","2.57","11.97","2.36","1.01","3.71","1.68","2.00","10.00","9.75","0.11","1.09","2.58","5.80","5.76","0.40","2.97"
"Vermont",2015,-75.39,"9.86","4.85","5.44","2.21","0.98","3.10","0.37","6.60","2.71","18.45","2.44","1.25","3.29","1.32","1.69","10.84","9.97","0.08","0.83","2.42","2.42","5.90","0.31","2.65"
"Vermont",2016,-67.21,"7.70","4.49","5.18","1.92","0.88","2.15","0.24","5.13","2.36","26.31","2.11","1.08","3.25","0.98","1.11","11.54","7.98","0.06","0.96","2.04","2.59","7.48","0.25","2.22"
"Vermont",2017,-68.59,"6.59","3.07","3.90","1.63","0.87","1.19","0.17","7.19","2.29","34.22","1.43","0.67","2.73","1.14","1.21","10.73","6.13","0.04","0.68","1.38","1.95","8.77","0.17","1.87"
"Vermont",2018,-74.36,"7.57","3.40","5.31","2.23","0.79","1.67","0.40","8.63","2.45","26.99","1.15","1.26","3.61","1.71","2.81","8.77","7.21","0.03","1.07","2.04","2.18","6.44","0.17","2.10"
"Vermont",2019,-74.76,"8.45","4.04","4.93","2.39","0.85","2.59","0.48","9.19","2.73","17.19","2.43","1.09","3.62","1.88","1.91","7.37","7.30","0.11","1.00","2.51","2.63","12.54","0.29","2.45"
"Virginia",2010,-66.92,"12.83","8.52","23.73","3.06","1.02","1.04","0.90","2.11","2.46","10.31","1.65","1.57","1.83","0.77","1.25","9.42","7.76","0.03","0.76","2.50","1.23","2.07","0.12","3.07"
"Virginia",2011,-65.17,"13.77","8.36","21.53","2.95","0.99","1.13","0.91","2.44","2.42","9.72","1.63","1.67","1.51","0.83","1.56","10.00","8.44","0.03","0.75","2.52","1.40","2.46","0.10","2.89"
"Virginia",2012,-73.49,"13.30","8.63","21.59","3.08","1.05","1.20","1.36","3.35","2.62","8.65","1.33","1.66","2.03","0.99","1.84","8.88","8.45","0.04","0.75","2.44","1.43","2.20","0.11","3.00"
"Virginia",2013,-66.25,"12.74","7.67","18.24","2.81","0.87","1.28","1.30","3.10","2.78","8.81","1.70","1.47","2.63","1.03","1.80","10.13","9.50","0.06","0.98","2.67","1.74","3.19","0.13","3.36"
"Virginia",2014,-71.23,"11.70","7.51","18.16","2.75","0.95","1.19","0.97","2.61","2.59","8.22","1.69","1.39","2.68","1.23","2.05","10.98","9.39","0.06","1.29","2.98","2.06","4.15","0.14","3.26"
"Virginia",2015,-69.16,"11.50","7.85","18.70","2.87","0.98","1.12","0.59","2.64","2.45","11.72","1.51","1.51","3.15","0.92","1.21","10.36","8.99","0.05","0.83","2.49","1.61","3.92","0.12","2.92"
"Virginia",2016,-62.33,"10.00","6.90","16.14","2.59","0.90","0.94","0.48","2.24","2.02","12.19","1.51","1.32","3.52","0.92","0.94","9.19","8.01","0.05","0.80","2.37","1.60","12.23","0.13","3.00"
"Virginia",2017,-69.68,"10.35","7.54","18.80","2.81","0.88","1.03","0.46","2.00","2.22","13.05","1.57","1.32","3.73","1.08","1.08","9.35","8.75","0.05","0.95","2.45","1.75","5.52","0.14","3.11"
"Virginia",2018,-64.07,"10.35","7.42","18.61","2.94","0.88","1.12","0.50","2.42","2.16","10.56","1.53","1.45","3.75","1.34","2.20","8.91","8.85","0.05","1.14","2.85","1.72","5.90","0.14","3.21"
"Virginia",2019,-60.41,"10.62","8.01","17.35","3.26","0.87","1.34","0.54","2.46","2.22","9.77","1.63","1.58","3.85","1.58","1.85","8.69","9.15","0.06","1.21","3.03","1.66","5.78","0.17","3.32"
"Washington",2010,-58.28,"13.77","6.33","17.44","3.36","1.09","1.12","0.92","1.60","3.08","13.86","2.60","0.64","2.06","0.94","1.66","10.87","8.77","0.07","0.80","2.55","1.74","2.50","0.03","2.20"
"Washington",2011,-59.64,"14.04","6.74","16.03","3.94","1.11","1.05","0.93","2.06","2.68","11.37","2.23","0.82","2.04","1.12","1.92","10.88","8.87","0.12","0.96","2.90","2.46","3.48","0.03","2.24"
"Washington",2012,-64.11,"13.88","6.98","15.95","3.99","1.22","1.51","1.27","2.15","2.63","10.31","2.06","0.85","2.38","1.23","1.94","9.36","9.32","0.13","1.18","3.11","2.82","3.43","0.06","2.22"
"Washington",2013,-55.03,"12.90","6.45","13.68","3.20","1.01","1.42","1.13","2.42","2.67","10.29","2.24","0.88","2.77","1.22","2.25","10.92","10.54","0.12","1.22","3.11","2.92","4.08","0.11","2.45"
"Washington",2014,-57.69,"12.27","6.09","13.64","2.88","1.29","1.45","0.82","2.57","2.54","11.61","2.48","0.88","3.11","1.33","2.49","10.76","9.71","0.10","1.28","2.95","2.73","4.58","0.12","2.32"
"Washington",2015,-61.41,"12.11","5.94","12.82","2.77","1.19","1.48","0.47","2.44","2.43","14.39","2.43","1.14","3.23","1.35","1.48","10.35","9.58","0.10","1.16","2.79","2.43","5.67","0.09","2.16"
"Washington",2016,-66.74,"11.62","5.85","10.68","2.54","1.22","1.36","0.50","2.14","2.28","16.21","2.30","1.12","3.30","1.10","1.22","10.74","9.64","0.07","1.03","2.65","2.11","7.83","0.07","2.40"
"Washington",2017,-62.98,"11.53","6.11","11.86","2.44","1.20","1.20","0.45","2.05","2.18","18.33","2.41","0.85","3.24","0.94","1.13","10.18","9.94","0.05","0.82","2.39","2.00","6.41","0.08","2.20"
"Washington",2018,-61.13,"12.38","6.01","12.42","2.82","1.11","1.22","0.59","2.74","2.53","11.84","2.09","0.91","4.18","1.50","2.68","10.16","10.12","0.06","1.14","2.79","2.51","5.70","0.07","2.44"
"Washington",2019,-54.66,"12.51","6.20","11.13","2.89","1.15","1.40","0.72","2.62","2.51","10.69","2.21","1.06","4.32","1.68","2.31","9.83","10.77","0.08","1.23","3.16","2.63","6.11","0.10","2.69"
"West Virginia",2010,-77.05,"9.61","3.25","5.51","2.24","0.68","1.17","0.81","5.38","3.18","21.51","3.69","0.88","3.16","1.04","1.55","14.33","8.37","0.02","1.51","3.71","1.53","4.91","0.07","1.89"
"West Virginia",2011,-79.65,"10.94","3.67","5.87","2.68","0.88","1.42","0.95","4.04","2.61","15.93","2.93","1.30","2.81","1.47","1.56","13.89","8.87","0.11","2.17","3.75","2.04","7.72","0.07","2.34"
"West Virginia",2012,-81.06,"10.08","4.08","6.68","3.19","1.21","1.55","0.91","4.90","3.04","14.79","2.87","1.55","3.41","1.80","1.82","11.38","9.51","0.07","1.82","3.47","2.15","6.88","0.11","2.73"
"West Virginia",2013,-62.05,"9.53","4.78","5.60","3.12","0.80","1.35","1.10","4.49","3.83","9.74","2.82","1.61","3.98","1.72","2.88","13.06","10.88","0.14","1.76","3.54","3.09","6.52","0.17","3.49"
"West Virginia",2014,-76.07,"8.90","3.42","4.72","3.14","0.95","1.37","0.50","4.45","3.40","13.55","3.02","1.18","3.57","1.55","1.67","15.18","9.33","0.10","1.48","3.50","2.92","9.22","0.26","2.60"
"West Virginia",2015,-79.07,"8.33","4.44","5.29","2.42","1.00","1.18","0.33","2.11","2.65","17.93","2.88","1.41","3.13","1.16","1.26","15.16","9.27","0.06","1.17","2.88","1.65","11.85","0.20","2.25"
"West Virginia",2016,-73.54,"8.23","4.04","4.73","1.93","0.96","1.30","0.26","1.48","1.99","19.71","2.72","0.97","3.26","1.17","1.15","15.06","8.61","0.06","1.10","2.77","2.41","13.44","0.16","2.47"
"West Virginia",2017,-77.03,"6.88","2.77","3.66","1.85","0.64","0.86","0.20","1.75","1.82","22.07","2.30","0.98","2.95","1.06","1.08","14.60","6.73","0.05","0.96","2.53","1.89","20.23","0.20","1.94"
"West Virginia",2018,-82.64,"7.34","3.29","4.69","2.57","0.67","0.87","0.36","2.19","2.22","23.04","2.27","0.97","3.88","1.76","2.41","11.96","7.59","0.07","1.40","3.08","2.09","13.09","0.11","2.07"
"West Virginia",2019,-83.22,"7.38","4.00","4.87","2.68","0.72","1.07","0.33","2.72","2.05","15.32","2.49","1.09","3.28","1.75","1.15","9.30","6.39","0.09","1.34","3.10","1.90","24.66","0.21","2.12"
"Wisconsin",2010,-72.28,"11.31","6.28","11.52","3.93","1.03","1.10","0.68","3.08","2.45","15.04","2.85","0.72","2.35","1.14","1.53","11.12","9.26","0.07","0.89","3.19","4.02","4.25","0.04","2.15"
"Wisconsin",2011,-68.9,"11.91","6.49","10.51","4.77","1.02","1.08","0.57","3.05","2.04","12.15","2.58","0.71","2.02","1.32","1.31","10.75","9.72","0.08","1.14","3.49","5.74","5.28","0.05","2.23"
"Wisconsin",2012,-75.03,"11.36","6.40","9.81","5.11","1.37","1.24","0.76","3.72","2.28","12.95","2.35","0.75","2.25","1.36","1.58","9.70","9.43","0.09","1.01","3.33","5.62","4.87","0.08","2.58"
"Wisconsin",2013,-69.97,"10.75","6.61","8.22","4.15","1.10","1.15","0.74","2.78","2.44","11.23","2.59","0.79","3.13","1.39","2.06","11.12","11.10","0.10","1.26","3.40","5.25","5.56","0.11","2.98"
"Wisconsin",2014,-73.28,"9.99","6.20","8.15","3.94","1.21","1.16","0.66","2.61","2.41","9.85","2.27","0.82","3.09","1.67","2.27","11.13","10.76","0.11","1.83","3.71","5.44","7.66","0.12","2.95"
"Wisconsin",2015,-77.87,"10.34","6.69","8.54","4.01","1.12","1.04","0.41","1.77","2.27","13.36","2.31","1.00","2.69","1.07","1.83","11.21","10.81","0.09","1.48","3.28","4.34","7.65","0.08","2.62"
"Wisconsin",2016,-69.55,"9.18","6.18","6.85","3.63","1.07","1.00","0.33","1.63","1.85","12.71","2.23","0.96","3.44","1.32","1.45","11.44","10.78","0.08","1.60","3.45","5.75","10.26","0.07","2.72"
"Wisconsin",2017,-74.81,"9.18","5.66","7.51","3.56","1.01","0.84","0.32","1.53","2.10","14.51","2.11","0.87","3.28","1.15","1.07","11.35","10.67","0.07","1.38","3.02","5.55","10.49","0.09","2.67"
"Wisconsin",2018,-71.77,"8.93","5.68","8.12","3.44","0.88","0.91","0.37","2.11","1.94","11.68","2.02","0.93","4.15","1.70","2.43","10.65","10.35","0.10","1.44","3.64","6.07","9.63","0.06","2.79"
"Wisconsin",2019,-67,"8.88","5.48","7.63","3.33","0.90","1.03","0.40","2.17","1.89","11.06","2.25","0.90","4.91","2.12","2.31","9.82","9.79","0.09","1.73","3.65","6.04","10.64","0.07","2.91"
"Wyoming",2010,-78.63,"10.45","2.70","2.80","2.89","1.37","1.12","0.51","1.75","2.87","25.40","3.38","0.86","3.15","1.48","0.85","12.06","7.90","0.23","2.84","5.81","2.15","5.47","0.20","1.72"
"Wyoming",2011,-79.12,"12.71","2.75","3.73","4.52","1.66","1.04","0.29","2.09","2.82","16.16","2.30","1.20","2.93","1.52","1.12","12.47","8.48","0.19","3.08","6.55","2.90","7.15","0.06","2.26"
"Wyoming",2012,-79.67,"10.39","3.47","4.40","3.83","1.65","1.37","0.50","3.21","3.13","17.91","2.43","1.22","3.32","1.41","1.65","9.93","9.30","0.16","2.89","5.93","3.02","6.15","0.18","2.57"
"Wyoming",2013,-75.52,"10.89","3.22","3.72","4.46","1.55","1.51","0.55","2.63","3.18","14.82","1.96","1.51","3.63","1.47","1.31","10.34","10.05","0.12","2.96","5.73","2.72","8.31","0.36","3.00"
"Wyoming",2014,-76.01,"8.71","3.58","4.32","4.35","2.29","1.41","0.36","2.64","3.15","12.62","1.83","1.07","3.61","1.47","1.33","11.97","9.01","0.23","3.44","6.02","3.10","10.50","0.32","2.67"
"Wyoming",2015,-75.02,"8.59","3.71","2.93","3.51","1.64","1.78","0.40","2.28","2.64","20.35","1.85","1.46","3.42","1.34","1.16","12.17","8.40","0.13","3.48","4.75","1.98","9.30","0.25","2.48"
"Wyoming",2016,-68.53,"7.30","3.28","2.83","1.50","1.53","1.57","0.32","1.86","2.32","22.86","1.57","0.99","3.85","1.10","1.09","14.79","6.80","0.16","2.26","3.22","2.10","14.74","0.29","1.67"
"Wyoming",2017,-72.05,"6.82","2.83","2.23","1.99","1.16","0.82","0.45","2.16","2.01","29.85","1.69","0.92","4.02","1.14","0.96","13.37","6.98","0.23","1.93","3.50","2.42","10.18","0.18","2.16"
"Wyoming",2018,-78.13,"7.46","3.36","3.21","2.91","1.36","0.98","0.64","2.19","2.09","27.22","1.80","0.96","4.10","1.84","2.43","10.36","7.45","0.17","2.76","4.14","1.95","8.63","0.16","1.83"
"Wyoming",2019,-81.16,"8.64","3.52","4.38","2.97","1.22","1.08","0.45","2.13","2.06","16.89","1.79","1.35","4.89","1.84","1.34","9.24","7.78","0.17","3.29","4.69","2.32","15.57","0.30","2.10"
