ONETSOC,Certification,Occupation,Type
17-3012,Certified Interconnect Designer,Electrical and Electronics Drafters,STW
17-3012,Advanced Certified Interconnect Designer,Electrical and Electronics Drafters,STW
17-3012,Autodesk Certified Professional in Revit for Electrical Design,Electrical and Electronics Drafters,STW
17-3013,Mechanical Certified Drafter,Mechanical Drafters,STW
17-3013,Certified PDM Administrator Professional,Mechanical Drafters,STW
17-3013,Certified SOLIDWORKS Associate - Simulation,Mechanical Drafters,STW
17-3013,Certified SOLIDWORKS Expert - Simulation,Mechanical Drafters,STW
17-3013,Autodesk Certified Professional in Inventor for Mechanical Design,Mechanical Drafters,STW
17-3013,Certified SOLIDWORKS Associate - Electrical,Mechanical Drafters,STW
17-3013,Autodesk Certified Professional in Revit for Mechanical Design,Mechanical Drafters,STW
17-3013,Autodesk Certified Professional in Design for Manufacturing,Mechanical Drafters,STW
17-3013,Certified Additive Manufacturing Associate,Mechanical Drafters,STW
17-3013,Certified SOLIDWORKS Advanced Professional Drawing Tools,Mechanical Drafters,STW
17-3013,Certified SOLIDWORKS Professional API,Mechanical Drafters,STW
17-3013,Certified SOLIDWORKS Professional - Academic,Mechanical Drafters,STW
17-3013,Certified SOLIDWORKS Professional Model Based Design,Mechanical Drafters,STW
17-3013,Autodesk Certified Expert in Generative Design for Manufacturing,Mechanical Drafters,STW
17-3013,Certified SOLIDWORKS Professional - Simulation,Mechanical Drafters,STW
17-3013,Certified SOLIDWORKS Professional - Flow Simulation,Mechanical Drafters,STW
17-3013,Autodesk Certified Associate in CAD for Mechanical Design,Mechanical Drafters,STW
17-3013,Mechanical Apprentice Drafter,Mechanical Drafters,STW
17-3013,Certified SOLIDWORKS Advanced Professional Surfacing,Mechanical Drafters,STW
17-3013,Certified SOLIDWORKS Associate - Academic,Mechanical Drafters,STW
17-3013,Certified SOLIDWORKS Associate Sustainability,Mechanical Drafters,STW
17-3013,Certified SOLIDWORKS Expert- Mechanical Design,Mechanical Drafters,STW
17-3013,Autodesk Certified Professional in AutoCAD for Design and Drafting,Mechanical Drafters,STW
17-3013,Certified SOLIDWORKS Advanced Professional Sheet Metal,Mechanical Drafters,STW
17-3013,Certified SOLIDWORKS Advanced Professional Weldments,Mechanical Drafters,STW
17-3013,Certified SOLIDWORKS Professional CAM,Mechanical Drafters,STW
17-3013,Certified SOLIDWORKS Advanced Professional Mold Making,Mechanical Drafters,STW
17-3013,Certified SOLIDWORKS Professional - Mechanical Design,Mechanical Drafters,STW
17-3013,Certified SOLIDWORKS Associate,Mechanical Drafters,STW
17-3021,SpaceTEC Certified Aerospace Technician,Aerospace Engineering and Operations Technologists and Technicians,STW
17-3021,SpaceTEC Vehicle Processing Certification,Aerospace Engineering and Operations Technologists and Technicians,STW
17-3021,SpaceTEC Composites Certification,Aerospace Engineering and Operations Technologists and Technicians,STW
17-3021,Certification in Aerospace Physiology,Aerospace Engineering and Operations Technologists and Technicians,STW
17-3021,SpaceTEC Aerospace Manufacturing,Aerospace Engineering and Operations Technologists and Technicians,STW
17-3023,Master Certified Electronics Technician,Electrical and Electronic Engineering Technologists and Technicians,STW
17-3023,Certified Electronic Systems Technician,Electrical and Electronic Engineering Technologists and Technicians,STW
17-3023,CEDIA Electronic Systems Certified Networking Specialist,Electrical and Electronic Engineering Technologists and Technicians,STW
17-3023,Certified Engineering Technologist,Electrical and Electronic Engineering Technologists and Technicians,STW
17-3023,General Communications Technician - Level 2,Electrical and Electronic Engineering Technologists and Technicians,STW
17-3023,General Communications Technician - Level 1,Electrical and Electronic Engineering Technologists and Technicians,STW
17-3023,Certified Portable Power Distribution Technician,Electrical and Electronic Engineering Technologists and Technicians,STW
17-3023,Autodesk Certified Professional in Revit for Electrical Design,Electrical and Electronic Engineering Technologists and Technicians,STW
17-3023,ISA Certified Control Systems Technician - Level I,Electrical and Electronic Engineering Technologists and Technicians,STW
17-3023,Student Electronics Technician,Electrical and Electronic Engineering Technologists and Technicians,STW
17-3023,Commercial Electrical Inspector,Electrical and Electronic Engineering Technologists and Technicians,STW
17-3023,Industrial Electronics,Electrical and Electronic Engineering Technologists and Technicians,STW
17-3023,Radio Frequency Identification Technical Specialist,Electrical and Electronic Engineering Technologists and Technicians,STW
17-3023,PMMI Mechatronics: Programmable Logic Controllers 1,Electrical and Electronic Engineering Technologists and Technicians,STW
17-3023,SACA Certified Industry 4.0 Automation Systems Specialist II,Electrical and Electronic Engineering Technologists and Technicians,STW
17-3023,SACA C-102 Certified Industry 4.0 Associate - Advanced Operations,Electrical and Electronic Engineering Technologists and Technicians,STW
17-3023,Electrical Generator Systems Technician Certification,Electrical and Electronic Engineering Technologists and Technicians,STW
17-3023,Certification in Electrical Power Testing - Level III,Electrical and Electronic Engineering Technologists and Technicians,STW
17-3023,Associate Electronics Technician - Comprehensive,Electrical and Electronic Engineering Technologists and Technicians,STW
17-3023,Certified Satellite Installer - C and KU Band,Electrical and Electronic Engineering Technologists and Technicians,STW
17-3023,Radio Frequency Interference Mitigation,Electrical and Electronic Engineering Technologists and Technicians,STW
17-3023,Wireless Communications,Electrical and Electronic Engineering Technologists and Technicians,STW
17-3023,CEDIA Electronic Systems Certified Designer,Electrical and Electronic Engineering Technologists and Technicians,STW
17-3023,CEDIA Electronic Systems Certified Technician,Electrical and Electronic Engineering Technologists and Technicians,STW
17-3023,Senior Certified Electronics Technician,Electrical and Electronic Engineering Technologists and Technicians,STW
17-3023,Certification in Electrical Power Testing,Electrical and Electronic Engineering Technologists and Technicians,STW
17-3023,Passive Intermodulation Testing,Electrical and Electronic Engineering Technologists and Technicians,STW
17-3023,Certification in Electrical Power Testing - Level IV,Electrical and Electronic Engineering Technologists and Technicians,STW
17-3023,SACA C-103 Certified Industry 4.0 Associate - Robot System Operations,Electrical and Electronic Engineering Technologists and Technicians,STW
17-3023,SACA Certified Industry 4.0 Production Systems Specialist II,Electrical and Electronic Engineering Technologists and Technicians,STW
17-3023,Associate Electronics Technician - Direct Current,Electrical and Electronic Engineering Technologists and Technicians,STW
17-3023,Associate Electronics Technician - Analog,Electrical and Electronic Engineering Technologists and Technicians,STW
17-3023,Associate Electronics Technician - Digital,Electrical and Electronic Engineering Technologists and Technicians,STW
17-3023,Mobile Communications and Electronics Installer,Electrical and Electronic Engineering Technologists and Technicians,STW
17-3023,Associate Electronics Technician - Alternating Current,Electrical and Electronic Engineering Technologists and Technicians,STW
17-3023,Termination and Testing Technician,Electrical and Electronic Engineering Technologists and Technicians,STW
17-3023,CEDIA Electronic Systems Certified,Electrical and Electronic Engineering Technologists and Technicians,STW
17-3023,Certified Satellite Installer - S-MATV,Electrical and Electronic Engineering Technologists and Technicians,STW
17-3023,SAE Fabricator,Electrical and Electronic Engineering Technologists and Technicians,STW
17-3023,Certified Satellite Installer - Antenna,Electrical and Electronic Engineering Technologists and Technicians,STW
17-3023,Certified Satellite Installer - Commercial,Electrical and Electronic Engineering Technologists and Technicians,STW
17-3024,Certified Engineering Technologist,Electro-Mechanical and Mechatronics Technologists and Technicians,STW
17-3024,SACA Certified Industry 4.0 IT Systems Specialist II,Electro-Mechanical and Mechatronics Technologists and Technicians,STW
17-3024,Electromagnetic Compatibility (EMC/EMI) Certification,Electro-Mechanical and Mechatronics Technologists and Technicians,STW
17-3024,SACA C-103 Certified Industry 4.0 Associate - Robot System Operations,Electro-Mechanical and Mechatronics Technologists and Technicians,STW
17-3024,SACA Certified Industry 4.0 Production Systems Specialist II,Electro-Mechanical and Mechatronics Technologists and Technicians,STW
17-3024,SACA Certified Industry 4.0 Systems Professional,Electro-Mechanical and Mechatronics Technologists and Technicians,STW
17-3024,SACA C-101 Certified Industry 4.0 Associate - Basic Operations,Electro-Mechanical and Mechatronics Technologists and Technicians,STW
17-3024,SACA Certified Industry 4.0 Production Systems Specialist I,Electro-Mechanical and Mechatronics Technologists and Technicians,STW
17-3024,SACA Certified Industry 4.0 IT Systems Specialist I,Electro-Mechanical and Mechatronics Technologists and Technicians,STW
17-3024,SACA Certified Industry 4.0 Automation Systems Specialist II,Electro-Mechanical and Mechatronics Technologists and Technicians,STW
17-3024,SACA C-102 Certified Industry 4.0 Associate - Advanced Operations,Electro-Mechanical and Mechatronics Technologists and Technicians,STW
17-3024,SACA Certified Industry 4.0 Automation Systems Specialist I,Electro-Mechanical and Mechatronics Technologists and Technicians,STW
17-3024,Certified Engineering Technologist,Robotics Technicians,STW
17-3024,SACA Certified Industry 4.0 IT Systems Specialist II,Robotics Technicians,STW
17-3024,Electromagnetic Compatibility (EMC/EMI) Certification,Robotics Technicians,STW
17-3024,SACA C-103 Certified Industry 4.0 Associate - Robot System Operations,Robotics Technicians,STW
17-3024,SACA Certified Industry 4.0 Production Systems Specialist II,Robotics Technicians,STW
17-3024,SACA Certified Industry 4.0 Systems Professional,Robotics Technicians,STW
17-3024,SACA C-101 Certified Industry 4.0 Associate - Basic Operations,Robotics Technicians,STW
17-3024,SACA Certified Industry 4.0 Production Systems Specialist I,Robotics Technicians,STW
17-3024,SACA Certified Industry 4.0 IT Systems Specialist I,Robotics Technicians,STW
17-3024,SACA Certified Industry 4.0 Automation Systems Specialist II,Robotics Technicians,STW
17-3024,SACA C-102 Certified Industry 4.0 Associate - Advanced Operations,Robotics Technicians,STW
17-3024,SACA Certified Industry 4.0 Automation Systems Specialist I,Robotics Technicians,STW
17-3026,Fluid Power Pneumatic Specialist,Industrial Engineering Technologists and Technicians,STEM
17-3026,Fluid Power Industrial Hydraulic Technician,Industrial Engineering Technologists and Technicians,STEM
17-3026,Certified Oil Monitoring Analyst II,Industrial Engineering Technologists and Technicians,STEM
17-3026,Oracle Manufacturing and Maintenance 2020 Implementation Essentials,Industrial Engineering Technologists and Technicians,STEM
17-3026,Mechatronics Certification Test - Motor and Motor Controls,Industrial Engineering Technologists and Technicians,STEM
17-3026,SACA C-102 Certified Industry 4.0 Associate - Advanced Operations,Industrial Engineering Technologists and Technicians,STEM
17-3026,SACA Certified Industry 4.0 Automation Systems Specialist II,Industrial Engineering Technologists and Technicians,STEM
17-3026,Geometric Dimensioning & Tolerancing Professional - Technologist,Industrial Engineering Technologists and Technicians,STEM
17-3026,Fluid Power Mobile Hydraulic Technician,Industrial Engineering Technologists and Technicians,STEM
17-3026,SACA C-103 Certified Industry 4.0 Associate - Robot System Operations,Industrial Engineering Technologists and Technicians,STEM
17-3026,SACA Certified Industry 4.0 Production Systems Specialist II,Industrial Engineering Technologists and Technicians,STEM
17-3026,SACA Certified Industry 4.0 IT Systems Specialist II,Industrial Engineering Technologists and Technicians,STEM
17-3026,Certified Engineering Technologist,Industrial Engineering Technologists and Technicians,STEM
17-3026,"SACA C-104 Certified Industry 4.0 Associate -IIoT, Networking & Data Analytics",Industrial Engineering Technologists and Technicians,STEM
17-3026,Certified Manufacturing Technologist,Industrial Engineering Technologists and Technicians,STEM
17-3026,Certified Production Technician,Industrial Engineering Technologists and Technicians,STEM
17-3026,Certified Manufacturing Specialist,Industrial Engineering Technologists and Technicians,STEM
17-3026,Certified Senior Manufacturing Specialist,Industrial Engineering Technologists and Technicians,STEM
17-3026,SACA C-101 Certified Industry 4.0 Associate - Basic Operations,Industrial Engineering Technologists and Technicians,STEM
17-3026,SACA Certified Industry 4.0 Automation Systems Specialist I,Industrial Engineering Technologists and Technicians,STEM
17-3026,SACA Certified Industry 4.0 Production Systems Specialist I,Industrial Engineering Technologists and Technicians,STEM
17-3026,SACA Certified Industry 4.0 IT Systems Specialist I,Industrial Engineering Technologists and Technicians,STEM
17-3026,SACA Certified Industry 4.0 Systems Professional,Industrial Engineering Technologists and Technicians,STEM
17-3027,SACA Certified Industry 4.0 Automation Systems Specialist I,Mechanical Engineering Technologists and Technicians,STEM
17-3027,SACA Certified Industry 4.0 Production Systems Specialist I,Mechanical Engineering Technologists and Technicians,STEM
17-3027,SACA C-103 Certified Industry 4.0 Associate - Robot System Operations,Mechanical Engineering Technologists and Technicians,STEM
17-3027,SACA Certified Industry 4.0 Production Systems Specialist II,Mechanical Engineering Technologists and Technicians,STEM
17-3027,Autodesk Certified Professional in Design for Manufacturing,Mechanical Engineering Technologists and Technicians,STEM
17-3027,Autodesk Certified Associate in CAD for Mechanical Design,Mechanical Engineering Technologists and Technicians,STEM
17-3027,Certified Engineering Technologist,Mechanical Engineering Technologists and Technicians,STEM
17-3027,Autodesk Certified Professional in Inventor for Mechanical Design,Mechanical Engineering Technologists and Technicians,STEM
17-3028,"NA",Calibration Technologists and Technicians,STEM
17-3029,ASNT NDT Level III Certification - Electromagnetic Testing,Non-Destructive Testing Specialists,STEM
17-3029,ASNT NDT Level III Certification - Therma/Infrared Testing,Non-Destructive Testing Specialists,STEM
17-3029,ASNT Central Certification Program Level II - Ultrasonic Testing,Non-Destructive Testing Specialists,STEM
17-3029,ASNT NDT Level III Certification - Radiographic Testing,Non-Destructive Testing Specialists,STEM
17-3029,ASNT NDT Level III Certification - Leak Testing,Non-Destructive Testing Specialists,STEM
17-3029,ASNT Nondestructive Testing Level III - Basic,Non-Destructive Testing Specialists,STEM
17-3029,ASNT NDT Level III Certification - Neutron Radiographic Testing,Non-Destructive Testing Specialists,STEM
17-3029,ASNT NDT Level III Certification - Visual Testing,Non-Destructive Testing Specialists,STEM
17-3029,ASNT NDT Level III Certification - Ultrasonic Testing,Non-Destructive Testing Specialists,STEM
17-3029,ACCP Level III,Non-Destructive Testing Specialists,STEM
17-3029,ASNT NDT Level III Certification - Acoustic Emission Testing,Non-Destructive Testing Specialists,STEM
17-3029,ASNT Central Certification Program Level II - Liquid Penetrant Testing,Non-Destructive Testing Specialists,STEM
17-3029,ASNT Central Certification Program Level II - Radiographic Testing,Non-Destructive Testing Specialists,STEM
17-3029,ASNT Central Certification Program Level II - Visual and Optical Testing,Non-Destructive Testing Specialists,STEM
17-3029,ASNT NDT Level III Certification - Magnetic Particle Testing,Non-Destructive Testing Specialists,STEM
17-3029,ASNT Central Certification Program Level II - Magnetic Particle Testing,Non-Destructive Testing Specialists,STEM
17-3029,ASNT NDT Level III Certification - Liquid Penetrant Testing,Non-Destructive Testing Specialists,STEM
17-3029,ASNT Central Certification Program,Non-Destructive Testing Specialists,STEM
17-3029,Photonics Technician Operator,Photonics Technicians,STEM
17-3029,Certified Lighting Efficiency Professional,Photonics Technicians,STEM
17-3029,Certified Fiber Optic Technician,Photonics Technicians,STEM
17-3029,Certified Laser Repair Technician,Photonics Technicians,STEM
17-3029,Certified Lighting Management Consultant,Photonics Technicians,STEM
19-4031,Plant Maintenance Technologist Certification Class I,Chemical Technicians,STW
19-4031,Clinical Chemistry Technologist,Chemical Technicians,STW
19-4031,Concrete Laboratory Testing Technician - Level 1,Chemical Technicians,STW
19-4031,Level I Laboratory Lubricant Analyst,Chemical Technicians,STW
19-4031,Concrete Laboratory Testing Technician - Level 2,Chemical Technicians,STW
19-4031,Combustion Analysis Certification,Chemical Technicians,STW
19-4031,Masonry Laboratory Testing Technician,Chemical Technicians,STW
19-4031,Level II Laboratory Lubricant Analyst,Chemical Technicians,STW
19-4051,Registered Radiation Protection Technologist,Nuclear Technicians,STW
19-4051,Industry Radiography Radiation Safety Personnel,Nuclear Technicians,STW
19-4051,Coating Inspector Program Level 2,Nuclear Technicians,STW
19-4051,Registered Radiation Protection Technologist,Nuclear Monitoring Technicians,STW
19-4051,Industry Radiography Radiation Safety Personnel,Nuclear Monitoring Technicians,STW
19-4051,Coating Inspector Program Level 2,Nuclear Monitoring Technicians,STW
49-1011,Certified Supervisor of Maintenance/Equipment,"First-Line Supervisors of Mechanics, Installers, and Repairers",STW
49-1011,Certified Residential Geothermal Designer,"First-Line Supervisors of Mechanics, Installers, and Repairers",STW
49-1011,Certified Service Manager,"First-Line Supervisors of Mechanics, Installers, and Repairers",STW
49-1011,Certified Maintenance & Reliability Professional,"First-Line Supervisors of Mechanics, Installers, and Repairers",STW
49-1011,Master Specialist Hands On Calculating Indoor Air CFM,"First-Line Supervisors of Mechanics, Installers, and Repairers",STW
49-1011,Certified Ventilation Inspector,"First-Line Supervisors of Mechanics, Installers, and Repairers",STW
49-1011,Certified GeoExchange Designer,"First-Line Supervisors of Mechanics, Installers, and Repairers",STW
49-1011,Certified Equipment Manager,"First-Line Supervisors of Mechanics, Installers, and Repairers",STW
49-1011,Master Specialist Hands On Building Automation Systems Set-up and Commissioning,"First-Line Supervisors of Mechanics, Installers, and Repairers",STW
49-1011,Master Specialist Hands On Demand-Controlled Ventilation Set-up and Commissioning,"First-Line Supervisors of Mechanics, Installers, and Repairers",STW
49-2011,CompTIA A+ Certification,"Computer, Automated Teller, and Office Machine Repairers",STW
49-2011,Apple Certified iOS Technician (ACiT) Certification (2019),"Computer, Automated Teller, and Office Machine Repairers",STW
49-2021,Microwave Radio Technician,"Radio, Cellular, and Tower Equipment Installers and Repairers",STW
49-2092,Electric Vehicle Technician,"Electric Motor, Power Tool, and Related Repairers",STW
49-2094,"IPC-7721& IPC-7711 Rework, Repair, & Modification of Printed Boards & Electronic Assemblies","Electrical and Electronics Repairers, Commercial and Industrial Equipment",STW
49-2094,Certified Maintenance and Reliability Technician,"Electrical and Electronics Repairers, Commercial and Industrial Equipment",STW
49-2094,Certified Electronics Technician - Journeyman-Level - Communications,"Electrical and Electronics Repairers, Commercial and Industrial Equipment",STW
49-2094,Certified Electronics Systems Associate,"Electrical and Electronics Repairers, Commercial and Industrial Equipment",STW
49-2094,Certified Electronics Technician - Journeyman-Level - Radar,"Electrical and Electronics Repairers, Commercial and Industrial Equipment",STW
49-2094,Certified Electronics Technician - Journeyman-Level - Industrial,"Electrical and Electronics Repairers, Commercial and Industrial Equipment",STW
49-2094,Certified Electronics Technician - Journeyman-Level - Multimedia Systems Technician,"Electrical and Electronics Repairers, Commercial and Industrial Equipment",STW
49-2094,PMMI Mechatronics: Industrial Electricity 1,"Electrical and Electronics Repairers, Commercial and Industrial Equipment",STW
49-2095,Instrumentation Certification,"Electrical and Electronics Repairers, Powerhouse, Substation, and Relay",STW
49-2095,Cable Splicing Certification,"Electrical and Electronics Repairers, Powerhouse, Substation, and Relay",STW
49-2097,Certified Electronics Technician - Journeyman-Level - Multimedia Systems Technician,Audiovisual Equipment Installers and Repairers,STW
49-2097,Certified Satellite Installer,Audiovisual Equipment Installers and Repairers,STW
49-2097,Certified Electronics Technician - Journeyman-Level - Consumer,Audiovisual Equipment Installers and Repairers,STW
49-2098,Certified Service Technician,Security and Fire Alarm Systems Installers,STW
49-2098,Certified Systems Integrator,Security and Fire Alarm Systems Installers,STW
49-2098,Certified Fire Alarm ITM Specialist for Facility Managers,Security and Fire Alarm Systems Installers,STW
49-2098,Certified Alarm Security Technician,Security and Fire Alarm Systems Installers,STW
49-2098,Certification in Fire Alarm Systems,Security and Fire Alarm Systems Installers,STW
49-2098,Certified Video Technician,Security and Fire Alarm Systems Installers,STW
49-2098,Certification in Fire Alarm Systems - Level III,Security and Fire Alarm Systems Installers,STW
49-2098,UL Lightning Protection Journeyman Certification,Security and Fire Alarm Systems Installers,STW
49-2098,Certified Sprinkler ITM Specialist for Facility Managers,Security and Fire Alarm Systems Installers,STW
49-2098,Certified Water-Based Systems Professional,Security and Fire Alarm Systems Installers,STW
49-2098,Municipal Fire Alarm System Technician Level I,Security and Fire Alarm Systems Installers,STW
49-2098,Interior Fire Alarm Technician Level II,Security and Fire Alarm Systems Installers,STW
49-2098,Physical Security Professional,Security and Fire Alarm Systems Installers,STW
49-2098,Certified Alarm Technician - Level I,Security and Fire Alarm Systems Installers,STW
49-2098,Certified Fire AlarmTechnician - Level II,Security and Fire Alarm Systems Installers,STW
49-2098,Pre-Engineered Industrial Fire Extinguishing System Technician,Security and Fire Alarm Systems Installers,STW
49-2098,Electrified Hardware Consultant,Security and Fire Alarm Systems Installers,STW
49-2098,UL Lightning Protection Master Certification,Security and Fire Alarm Systems Installers,STW
49-2098,Certification in Fire Alarm Systems - Level IV,Security and Fire Alarm Systems Installers,STW
49-3053,Generator Technician Certification,Outdoor Power Equipment and Other Small Engine Mechanics,STW
49-3053,Electrical Technician Certification,Outdoor Power Equipment and Other Small Engine Mechanics,STW
49-3053,Compact Diesel Technician Certification,Outdoor Power Equipment and Other Small Engine Mechanics,STW
49-3053,Two Stroke Engine Certification Test,Outdoor Power Equipment and Other Small Engine Mechanics,STW
49-3053,Driveline/Hydro Technician Certification,Outdoor Power Equipment and Other Small Engine Mechanics,STW
49-3053,Reel Technology Certification,Outdoor Power Equipment and Other Small Engine Mechanics,STW
49-3053,Four Stroke Engine Certification Test,Outdoor Power Equipment and Other Small Engine Mechanics,STW
49-3053,Mechanical Systems Certification Test,Outdoor Power Equipment and Other Small Engine Mechanics,STW
49-3053,Principles of Small Engine Technology,Outdoor Power Equipment and Other Small Engine Mechanics,STW
49-9041,Fluid Power Pneumatic Technician,Industrial Machinery Mechanics,STW
49-9041,Fluid Power Electronic Controls Specialist,Industrial Machinery Mechanics,STW
49-9041,Certified Maintenance and Reliability Technician,Industrial Machinery Mechanics,STW
49-9041,Certified Vibration Analyst - Category III,Industrial Machinery Mechanics,STW
49-9041,Fluid Power Pneumatic Mechanic,Industrial Machinery Mechanics,STW
49-9041,Fluid Power Mobile Hydraulic Mechanic,Industrial Machinery Mechanics,STW
49-9041,Fluid Power Industrial Hydraulic Mechanic,Industrial Machinery Mechanics,STW
49-9041,Fluid Power Accredited Instructor,Industrial Machinery Mechanics,STW
49-9041,Fluid Power Connector and Conductor,Industrial Machinery Mechanics,STW
49-9041,Certified Vibration Analyst Category I,Industrial Machinery Mechanics,STW
49-9041,Plant Maintenance Technologist Certification Class II,Industrial Machinery Mechanics,STW
49-9041,Plant Maintenance Technologist Certification Class III,Industrial Machinery Mechanics,STW
49-9041,Mechatronics: Fluid Power 1,Industrial Machinery Mechanics,STW
49-9041,Certified Vibration Analyst - Category IV,Industrial Machinery Mechanics,STW
49-9041,Certified Vibration Analyst - Category II,Industrial Machinery Mechanics,STW
49-9043,"Machine Maintenance, Service and Repair Level II - Preventative Maintenance","Maintenance Workers, Machinery",STW
49-9043,Certified Maintenance and Reliability Technician,"Maintenance Workers, Machinery",STW
49-9043,"Machine Maintenance, Service and Repair Level III - Machine Repair/Rebuilding","Maintenance Workers, Machinery",STW
49-9043,Level I Machine Lubricant Analyst,"Maintenance Workers, Machinery",STW
49-9043,Level II Machine Lubricant Analyst,"Maintenance Workers, Machinery",STW
49-9043,Level III Machine Lubricant Analyst,"Maintenance Workers, Machinery",STW
49-9062,Certified DME Specialist,Medical Equipment Repairers,STW
49-9062,Certified Electronics Technician - Journeyman-Level - Medical,Medical Equipment Repairers,STW
49-9062,Certified Radiology Equipment Specialist,Medical Equipment Repairers,STW
49-9062,Certified Biomedical Equipment Technician,Medical Equipment Repairers,STW
49-9062,Biomedical Imaging Electronics Technician,Medical Equipment Repairers,STW
49-9062,Certified Hemodialysis Bio-Medical Technician,Medical Equipment Repairers,STW
49-9064,Certified Master Watchmaker of the 21st Century,Watch and Clock Repairers,STW
49-9064,Certified Watchmaker of the 21st Century,Watch and Clock Repairers,STW
49-9071,Certified Building Operator,"Maintenance and Repair Workers, General",STW
49-9071,Certified Apartment Maintenance Technician,"Maintenance and Repair Workers, General",STW
49-9071,Certified Maintenance Employee,"Maintenance and Repair Workers, General",STW
49-9071,Certified Maintenance and Reliability Technician,"Maintenance and Repair Workers, General",STW
49-9081,Small Wind Installer - Level 1,Wind Turbine Service Technicians,STW
49-9081,Small Wind Associate,Wind Turbine Service Technicians,STW
49-9094,Certified Registered Locksmith,Locksmiths and Safe Repairers,STW
49-9094,Certified Master Locksmith,Locksmiths and Safe Repairers,STW
49-9094,Certified Professional Locksmith,Locksmiths and Safe Repairers,STW
49-9094,Certified Master Safe Technician,Locksmiths and Safe Repairers,STW
49-9094,Certified Professional Safe Technician,Locksmiths and Safe Repairers,STW
49-9094,Fundamental Locksmith,Locksmiths and Safe Repairers,STW
51-2061,Certified Master Watchmaker of the 21st Century,Timing Device Assemblers and Adjusters,STW
51-2061,Certified Watchmaker of the 21st Century,Timing Device Assemblers and Adjusters,STW
51-4023,Screw Machining Level II - Operate with Single Spindles II,"Rolling Machine Setters, Operators, and Tenders, Metal and Plastic",STW
51-4023,Screw Machining Level III - Set Up & Operate with Multiple Spindles III,"Rolling Machine Setters, Operators, and Tenders, Metal and Plastic",STW
51-4023,Screw Machining Level II - Operate with Multiple Spindles II,"Rolling Machine Setters, Operators, and Tenders, Metal and Plastic",STW
51-4023,Screw Machining Level III - Set Up & Operate with Single Spindles III,"Rolling Machine Setters, Operators, and Tenders, Metal and Plastic",STW
51-4081,Machining Level I - CNC Milling: Programming Setup & Operations,"Multiple Machine Tool Setters, Operators, and Tenders, Metal and Plastic",STW
51-4111,Stamping Level II - Operate with Progressive Dies II,Tool and Die Makers,STW
51-4111,Stamping Level III - Setup with Deep Draw Dies III,Tool and Die Makers,STW
51-4111,Diemaking Level III,Tool and Die Makers,STW
51-4111,Stamping Level II - Compound Dies,Tool and Die Makers,STW
51-4111,Level III - Setup with Single Hit Tooling III,Tool and Die Makers,STW
51-4111,Stamping Level II - Operate with Single Hit Tooling II,Tool and Die Makers,STW
51-4111,Stamping Level II - Operate with Deep Draw Dies II,Tool and Die Makers,STW
51-4111,Stamping Level III - Setup with Progressive Dies III,Tool and Die Makers,STW
51-4111,Stamping Level III - Setup with Compound Dies III,Tool and Die Makers,STW
51-4111,Diemaking Level II,Tool and Die Makers,STW
51-4111,Certified Oil Monitoring Analyst II,Tool and Die Makers,STW
51-4193,Protective Coatings Specialist - Industrial and Marine Structures,"Plating Machine Setters, Operators, and Tenders, Metal and Plastic",STW
51-4193,Coatings Inspector Program Level 3 - Peer Review,"Plating Machine Setters, Operators, and Tenders, Metal and Plastic",STW
51-4193,Protective Coating Technician,"Plating Machine Setters, Operators, and Tenders, Metal and Plastic",STW
51-4193,Coating Inspector Program Level 3 Peer Review - Nuclear Specialty,"Plating Machine Setters, Operators, and Tenders, Metal and Plastic",STW
51-4193,Coating Inspector Program Level 2 - Bridge Specialty,"Plating Machine Setters, Operators, and Tenders, Metal and Plastic",STW
51-4193,Coating Inspector Program Level 2,"Plating Machine Setters, Operators, and Tenders, Metal and Plastic",STW
51-4193,Cathodic Protection 2 -  Technician Maritime,"Plating Machine Setters, Operators, and Tenders, Metal and Plastic",STW
51-4193,Certified Coating Applicator,"Plating Machine Setters, Operators, and Tenders, Metal and Plastic",STW
51-4193,Coating Inspector Program Level 3 Peer Review - Marine Specialty,"Plating Machine Setters, Operators, and Tenders, Metal and Plastic",STW
51-4193,Coating Inspector Program Level I,"Plating Machine Setters, Operators, and Tenders, Metal and Plastic",STW
51-4193,Coatings Inspector Program Level 3 Peer Review - Bridge Specialty,"Plating Machine Setters, Operators, and Tenders, Metal and Plastic",STW
51-8011,Coating Inspector Program Level 3 Peer Review - Nuclear Specialty,Nuclear Power Reactor Operators,STW
51-8011,Coating Inspector Program Level 2,Nuclear Power Reactor Operators,STW
51-9011,Pressure Vessels Inspector Certification,Chemical Equipment Operators and Tenders,STW
51-9011,Coatings Inspector Program Level 3 - Peer Review,Chemical Equipment Operators and Tenders,STW
51-9011,Protective Coating Technician,Chemical Equipment Operators and Tenders,STW
51-9011,Coating Inspector Program Level 3 Peer Review - Nuclear Specialty,Chemical Equipment Operators and Tenders,STW
51-9011,Coating Inspector Program Level 2,Chemical Equipment Operators and Tenders,STW
51-9011,Cathodic Protection 2 -  Technician Maritime,Chemical Equipment Operators and Tenders,STW
51-9011,Piping Inspector Certification,Chemical Equipment Operators and Tenders,STW
51-9011,Coating Inspector Program Level 3 Peer Review - Marine Specialty,Chemical Equipment Operators and Tenders,STW
51-9011,Coating Inspector Program Level I,Chemical Equipment Operators and Tenders,STW
51-9011,Coatings Inspector Program Level 3 Peer Review - Bridge Specialty,Chemical Equipment Operators and Tenders,STW
51-9081,Recognized Graduate,Dental Laboratory Technicians,STW
51-9081,Certified Preventative Functions Dental Assistant,Dental Laboratory Technicians,STW
51-9081,Certified Dental Technician,Dental Laboratory Technicians,STW
51-9161,Machining Level I - CNC Milling: Programming Setup & Operations,Computer Numerically Controlled Tool Operators,STW
51-9162,Certified Welding Engineer,Computer Numerically Controlled Tool Programmers,STW
