Number of states within the category,State/ Country,Sub-categories,Tool,Name of tool,Variables Used (list all that apply),Geographic Levels,Data Sources-Census,Data Sources-Non Census,Direct links to Census,Census link,Frequency,Age of data,Historical data,Data Linkage,Citation,Notes,
,Alabama,Estimates,Table Download,2020 to 2022 County Housing Units,"Estimates Base (April 1, 2020); Housing Unit Estimate (as of July 1): 2020, 2021, 2022; Change (July 2020-2022): Number, Percent","State, County",Decennial Census,University of Alabama,N,N,As released,2020,N,N,N,,
,Alabama,Estimates,Table Download,2010 to 2020 County Housing Unit Estimates,"April 1 2010: Census, Est. Base; Housing Unit Estimate (as of July 1): 2010-2020; Change 7/1/2010 to 7/1/2020; Change 7/1/2019 to 7/1/2020","State, County",Decennial Census,University of Alabama,N,N,As released,2010,N,N,N,,
,Alaska,Housing Prices / Rent,Data Visualization,"Average Sales Price For Single-Family Home, Alaska 1992 to 2022","Average Sales Price, Inflation Adjusted Sales Price",State,,"Department of Labor and Workforce Development, Housing Finance Authority",N,N,Annually,2022,Y,N,N,,
,Alaska,Housing Prices / Rent,Data Visualization,Annual Housing Interest Rates 1992 to 2022,Annual Interest Rates,State,,"Department of Labor and Workforce Development, Housing Finance Authority",N,N,Annually,2022,Y,N,N,,
,Alaska,Foreclosures,Data Visualization,"Foreclosures, Alaska 1980 to 2022",Foreclosures ,State,,"Department of Labor and Workforce Development, Housing Finance Authority",N,N,Annually,2022,Y,N,N,,
,Alaska,Housing Prices / Rent,Data Visualization,"Alaska Affordability Index, Alaska 1992 to 2022",Affordability Index,State,,"Department of Labor and Workforce Development, Housing Finance Authority",N,N,Annually,2022,Y,N,N,,
,Alaska,Housing Units,Data Visualization,"New Housing Units, Alaska 1992 to 2022",New Units,State,,"Department of Labor and Workforce Development, Housing Finance Authority",N,N,Annually,2022,Y,N,N,,
,Alaska,Housing Prices / Rent,Data Visualization,"Refinancing Activity For Single-Family Homes, Alaska 2006 to 2022",Refinancing Activity,State,,"Department of Labor and Workforce Development, Housing Finance Authority",N,N,Annually,2022,Y,N,N,,
,Alaska,Housing Prices / Rent,Table Download,Single-Family Alaska Loan Activity By Area,"Quarter, Num of Loans, Avg Loan, Total Loans, % Loan Volume, Avg Sales Price, Total Sales Vol, % Market Value",City,,,N,N,Annually,2022,Y,N,N,,
,Alaska,Housing Prices / Rent,Table Download,Condominium Alaska Loan Activity By Area,"Quarter, Num of Loans, Avg Loan, Total Loans, % Loan Volume, Avg Sales Price, Total Sales Vol, % Market Value",City,,,N,N,Annually,2022,Y,N,N,,
,Alaska,Housing Prices / Rent,Table Download,Multi-Family Alaska Loan Activity By Area,"Quarter, Num of Loans, Avg Loan, Total Loans, % Loan Volume, Avg Sales Price, Total Sales Vol, % Market Value",City,,,N,N,Annually,2022,Y,N,N,,
,Alaska,Housing Units,Table Download,Alaska New Housing Units,"Total New Units, Single-Family, Multi-Family, Mobile Home",Census Area,,,N,N,Annually,2022,Y,N,N,,
,Alaska,Foreclosures,Table Download,Alaska Foreclosures,"Quarter, Anchorage RD, Bethel RD, Fairbanks RD, Juneau RD, Kenai RD, Ketchikan RD, Kodiak RD, Palmer RD, Sitka RD, Rest of State, Grand Total",Region,,,N,N,Annually,2022,Y,N,N,,
,Alaska,Housing Prices / Rent,Table Download,Mortgage Rates,"Year, 1st Quarter, 2nd Quarter, 2rd Quarter, 4th Quarter",State,,,N,N,Annually,2022,Y,N,N,,
,Alaska,Housing Prices / Rent,Data Visualization,Adjusted and Contracted Rental Rates Survey Total- 2010 to 2022,"Contracted, Adjusted","Census Area, City",,"Department of Labor and Workforce Development, Housing Finance Authority",N,N,Annually,2022,Y,N,N,,
,Alaska,Occupancy,Data Visualization,Vacancy Rates for Survey Total- 2010 to 2022,Vacancy,"Census Area, City",,"Department of Labor and Workforce Development, Housing Finance Authority",N,N,Annually,2022,Y,N,N,,
,Alaska,Housing Prices / Rent,Data Visualization,Median Adjusted Rent by Community for 2022,Median Adjusted Rent,"Census Area, City",,"Department of Labor and Workforce Development, Housing Finance Authority",N,N,Annually,2022,N,N,N,,
,Alaska,Housing Prices / Rent,Table Download,"Alaska Rental Costs and Vacancy Rates, All Units, Selected Areas, 2010-2022","Average Rent, Median Rent, Number of Units, Vacancy Rate, Percentage of Units w/Utilities Included in Contract Rent","Census Area, City",,,N,N,Annually,2022,Y,N,N,,
,Alaska,Housing Prices / Rent,Table Download,"Alaska Single-Family and Apartments Averge Rent, Selected Areas, 2010-2022","Single-Family Residences, Apartments","Census Area, City",,,N,N,Annually,2022,Y,N,N,,
,Alaska,Housing Prices / Rent,Table Download,"Alaska Single-Family Homes Averge Rent, Selected Areas, 2010-2022","Average Rent, Median Rent, Number of Units, Vacancy Rate, Percentage of Units w/Utilities Included in Contract Rent; 1 bedroom, 2 bedroom, 3 bedroom, 4 bedroom","Census Area, City",,,N,N,Annually,2022,Y,N,N,,
,Alaska,Housing Prices / Rent,Table Download,"Alaska Apartments Averge Rent, Selected Areas, 2010-2022","Average Rent, Median Rent, Number of Units, Vacancy Rate, Percentage of Units w/Utilities Included in Contract Rent; 1 bedroom, 2 bedroom, 3 bedroom, 4 bedroom","Census Area, City",,,N,N,Annually,2022,Y,N,N,,
,Alaska,Housing Prices / Rent,Table Download,"Alaska Occupied vs. Vacant Unit Rental Costs, Selected Areas, 2010-2022","Average Rent, Median Rent, Number of Units, Vacancy Rate, Percentage of Units w/Utilities Included in Contract Rent","Census Area, City",,,N,N,Annually,2022,Y,N,N,,
,Alaska,Housing Prices / Rent,Table Download,"Percent of Surveyed Units Using Selected Energy Types, All Units, Selected Areas, 2010-2016","Heat, Hot Water, Cooking","Census Area, City",,,N,N,Annually,2022,Y,N,N,,
,Arizona,Housing Units,Table Download,"State, counties, and incorporated places: Household and group quarter (GQ) population and housing units, 2010 and 2020","Total Household Population 2010, Total Household Population 2020, Total Housing Units Census 2010, Total Housing Units Census 2020, Occupied Housing Unit Census 2010, Occupied Housing Unit Census 2020, Vacant Housing Unit Census 2010, Vaccant Housing Unit Census 2020, Occupancy Rate 2010, Occupancy Rate 2020, Persons Per Household 2010, Persons Per Household 2020","State, County, City",Decennial Census,,N,N,As released,2020,N,N,N,,
,Arizona,Housing Units,Table Download,"American Indian/Alaska Native/Hawaiian Home Land: Household and GQ population and housing units, 2010 and 2020","Total Household Population 2010, Total Household Population 2020, Total Housing Units Census 2010, Total Housing Units Census 2020, Occupied Housing Unit Census 2010, Occupied Housing Unit Census 2020, Vacant Housing Unit Census 2010, Vaccant Housing Unit Census 2020, Occupancy Rate 2010, Occupancy Rate 2020, Persons Per Household 2010, Persons Per Household 2020",Indian reservation,Decennial Census,,N,N,As released,2020,N,N,N,,
,Arizona,Housing Units,Table Download,"Census Designated Places (CDPs): Household and GQ population and housing units, 2010 and 2020","Total Household Population 2010, Total Household Population 2020, Total Housing Units Census 2010, Total Housing Units Census 2020, Occupied Housing Unit Census 2010, Occupied Housing Unit Census 2020, Vacant Housing Unit Census 2010, Vaccant Housing Unit Census 2020, Occupancy Rate 2010, Occupancy Rate 2020, Persons Per Household 2010, Persons Per Household 2020",Census designated place,Decennial Census,,N,N,As released,2020,N,N,N,,
,Arizona,Housing Units,Table Download,"Census Tracts: Household population, GQ population by GQ type, and housing units, 2020 data","Total Household Population 2020, Total Housing Units Census 2020, Occupied Housing Unit Census 2020,  Vaccant Housing Unit Census 2020,  Occupancy Rate 2020, Persons Per Household 2020, College/University Student Housing","County, Census Tract",Decennial Census,,N,N,As released,2020,N,N,N,,
,Arizona,Housing Units,Table Download,"Arizona School Districts: Household and GQ population and housing units, 2010 and 2020","Total Household Population 2010, Total Household Population 2020, Total Housing Units Census 2010, Total Housing Units Census 2020, Occupied Housing Unit Census 2010, Occupied Housing Unit Census 2020, Vacant Housing Unit Census 2010, Vaccant Housing Unit Census 2020, Occupancy Rate 2010, Occupancy Rate 2020, Persons Per Household 2010, Persons Per Household 2020","County, School District",Decennial Census,,N,N,As released,2020,N,N,N,,
,Arizona,Housing Characteristics,Table Download,Profile of General Population and Housing Characteristics,"Total Population in Households, Households by Type, Housing Occupancy, Vacancy Rates, Housing Tenure",State,Decennial Census,,Y,https://data.census.gov/table?q=demographic+profile&y=2020&d=DEC+Demographic+Profile&tid=DECENNIALDP2020.DP1,As released,2020,N,N,N,,
,Arizona,Housing Units,Table Download,Housing Units,Total Housing Units,State,Decennial Census,,Y,https://data.census.gov/table?y=2020&d=DEC+Demographic+and+Housing+Characteristics,As released,2020,N,N,N,,
,Arkansas,Household Type,Table Download,Household Type,"Total Households, Family Households, Nonfamily Households","State, County, City, Census designated place",Decennial Census,,N,N,As released,2020,N,N,N,,
,Arkansas,Household Type,Table Download,Households by Type and Presence of Own Children Under 18 Years,"Total Households; Married couple households; Cohabitating couple households; Male householder, no spouse or partner present; Female householder, no spouse or partner present","State, County, City, Census designated place",Decennial Census,,N,N,As released,2020,N,N,N,,
,Arkansas,Housing Units,Table Download,Occupancy Status,"Housing Units- Total, Occupied, Vacant","County, Census designated place City",Decennial Census,,N,N,As released,2020,N,N,N,,
,Arkansas,Housing Units,Table Download,Tenure,"Total Occupied Housing Units, Owned with a mortgage or a loan, Owned free and clear, Renter occupied","County, Census designated place, City",Decennial Census,,N,N,As released,2020,N,N,N,,
,Arkansas,Occupancy,Table Download,Vacancy Status,"Total; For Rent, Rented, not occupied; For sale only, Sold, not occupied; For seasonal, recreational, or occasional use; For migrant workers; Other vacant","County, CDP, City",Decennial Census,,N,N,As released,2020,N,N,N,,
,Arkansas,Household Size,Table Download,Household Size,"Total, 1-person household, 2-person household, 3-person household, 4-person household, 5-person household, 6-person household , 7-or-more-person household","County, Census designated place City",Decennial Census,,N,N,As released,2020,N,N,N,,
,Arkansas,Occupancy,Table Download,Occupancy Status,"Total, Occupied, Vacant","State, County, City/Town, Census designated place",Decennial Census,,N,N,As released,2020,N,N,N,,
,Arkansas,Housing Units,Report,Total Housing Units; Arkansas by County: 2020,"2,444-14,179; 14,180-33,270; 33,271-56,749; 56,750-190,522",County,Decennial Census,,N,N,As released,2020,N,N,N,,
,Arkansas,Housing Units,Report,Percent Change in Total Housing Units; Arkansas by County: 2010-2020,-19.4% - -12.2%; -12.1% - 0.0%; 0.1% - 7.1%; 7.2% - 21.5%,County,Decennial Census,,N,N,As released,2020,N,N,N,,
,Arkansas,Estimates,Table Download,"Annual Estimates of Housing Units for the United States And States: April 1, 2020 to July 1, 2022","Geographic Area, Estimates Base (April 1, 2020), Housing Unit Estimate (as of July 1)- 2020, 2021, 2022","Region, State",Decennial Census,,N,N,As released,2020,N,N,N,,
,Arkansas,Estimates,Table Download,"Estimates of Housing Unit Change for the United States, States, and District of Colombia, and State Rankings: July 1, 2020 to July 1, 2022","Housing Unit Estimate, Change (2021 to 2022), State Ranking",State,Decennial Census,,N,N,As released,2020,N,N,N,,
,Arkansas,Estimates,Table Download,"Cumulative Estimates of Housing Unit Change for the United States, States, District of Colombia, and State Rankings: April 1, 2020 to July 1, 2022","Estimates Base (April 1, 2020), Estimate (July 1, 2022), Change (2020 to 2022), State Ranking",State,Decennial Census,,N,N,As released,2020,N,N,N,,
,Arkansas,Estimates,Table Download,"Annual Estimates of Housing Units for Counties in Arkansas: April 1, 2020 to July 1, 2022","Geographic Area, Estimates Base (April 1, 2020), Housing Unit Estimate (as of July 1)- 2020, 2021, 2022",County,Decennial Census,,N,N,As released,2020,N,N,N,,
,Arkansas,Estimates,Table Download,"Housing Unit Estimates for the 100 Fastest-Growing Counties With 5,000 or More Housing Units: July 1, 2020 to July 1, 2022","Housing Unit Estimate- 2021, 2022, Change (2021 to 2022)",County,Decennial Census,,N,N,As released,2020,N,N,N,,
,Arkansas,Estimates,Table Download,"Housing Unit Estimates for the 100 Fastest-Growing Counties With 5,000 or More Housing Units: April 1, 2020 to July 1, 2022","Estimates Base (April 1, 2020), Estimate (July 1, 2022), Change (2020 to 2022)",County,Decennial Census,,N,N,As released,2020,N,N,N,,
,California,Estimates,Table Download,Selected Housing Characteristics for the State of California by Race and Hispanic Origin,"Tenure, Year Household Moved Into Unit, Vehicles Available, House Heating Fuel, Selected Characteristics, Occupants Per Room, Value, Mortgage Status, SMOC, SMOCAPI, Gross rent, GRAPI; Estimate, MOE, %, % MOE; Total Pop., Hispanic, White, Black, American Indian, Asian, Native Hawaiian, Other, 2+ Races",State,ACS,,N,N,As released,2021,N,N,N,SMOC=selected monthly owner costs; SMOCAPI=selected monthly owner costs as % of household income; GRAPI=gross rent as % of household income,
,California,Estimates,Table Download,2021 American Community (1-year estimates) Survey Selected Housing Characteristics,"Occupancy, Units, Tenure, Mortgage Status, Value, Owner Costs, Renter Costs","State, County, City",ACS,,N,N,As released,2021,Y,N,N,65000+ population,
,California,Estimates,Table Download,2016-2020 American Community Survey (5-year estimates) Selected Housing Characteristics,"Occupancy, Units, Tenure, Mortgage Status, Value, Owner Costs, Renter Costs","State, County, Census designated place, City",ACS,,N,N,As released,2020,Y,N,N,,
,California,Estimates,Table Download,2020 American Community Survey (1-year estimates) Experimental Data Tables- Housing,"Occupancy Status, Housing Tenure, Total Population in Occupied Housing Units by Tenure, Units in Structure, Year Structure Built, Year Household Moved Into Unit, Gross Rent, Mortgage Status, Housing Value, Median Value, Median Gross Rent",State,ACS,,N,N,As released,2020,N,N,N,,
,Colorado,Housing Units,Data Visualization,Housing Dashboard,"Total Housing Units, Occupied Housing Units, Year to Year Difference","Region, County, Municipality",,State Demography Office,N,N,As released,2021,Y,N,N,,
,Colorado,Estimates,Table Download,"Housing Unit and Household Estimates for the State, Counties, and Municipalities ","Total Population, Group Quarters Population, Household Population, Total Housing Units, Occupied Housing Units, Vacant Housing Units, Vacancy Rates","State, County, City, Municipality",,State Demography Office,N,N,As released,2021,N,N,N,,
,Colorado,Housing Units,Table Download,"Municipal Population and Housing Timeseries, 2010 to 2020","Total Population, Household Population,  Group Quarters Population, Household Size, Total Housing Units, Occupied Housing Units, Vacant Housing Units, Vacancy Percent","County, Municipality",,,N,N,As released,2021,Y,N,N,,
,Colorado,Projections,Table Download,"Regional Household Data, 2010 to 2050","Year, Household Type Id, Household Type Description, Age Group Id, Age Group Description, Total Households","State, Region",,,N,N,As released,2020,Y,N,N,,
,Colorado,Projections,Table Download,"County Household Data, 2010 to 2050","Year, Household Type Id, Household Type Description, Age Group Id, Age Group Description, Total Households",County,,,N,N,As released,2020,Y,N,N,,
,Colorado,Housing Units,Table,Population and Housing Time Series,"County, Municipality, Year, Total Population, Household Population,  Group Quarters Population, Household Size, Total Housing Units, Occupied Housing Units, Vacant Housing Units, Vacancy Percent","County, Municipality",,,N,N,As released,2021,Y,N,N,,
,Colorado,Projections,Table,Household Projections - Regions,"Region, Year, Age Group, Household Type, Total Households","State, Region",,,N,N,As released,2020,Y,N,N,,
,Colorado,Projections,Table,Household Projections - County,"County, Year, Age Groups, Household Types, Total Households",County,,,N,N,As released,2020,Y,N,N,,
,Connecticut,Housing Units,Table Download,Cost-burdened Households by County,"Location, Householder Status, Cost-burderend Households, MOE","State, County",ACS,,N,N,As released,2019,Y,N,N,,
,Connecticut,Housing Units,Table Download,Households With Children,"Location, Housing Tenure Type, Household Type, Households, MOE","State, County",ACS,,N,N,As released,2019,Y,N,N,,
,Connecticut,Housing Units,Table Download,Total Households by County,"Location, Total Households, MOE","State, County",ACS,,N,N,As released,2019,Y,N,N,,
,Connecticut,Housing Units,Table Download,Total Households by Town,"Location, Total Households, MOE","State, Town",ACS,,N,N,As released,2019,Y,N,N,,
,Connecticut,Permits,Table Download,Annual Housing Permits by County,"Location, Housing Permits","State, County",Census Bureau,Department of Economic and Community Development,N,N,As released,2017,Y,N,N,,
,Connecticut,Permits,Table Download,Annual Housing Permits by Town,"Location, Housing Permits","State, Town",Census Bureau,Department of Economic and Community Development,N,N,As released,2017,Y,N,N,,
,Connecticut,Housing Units,Table Download,Distribution of Home Sales,"Location, Price Range, Number of Home Sales","State, Town, County",,Office of Policy and Management,N,N,Biannually,2017,Y,N,N,,
,Connecticut,Foreclosures,Table Download,Foreclosures,"Location, Foreclosure Type, Year ","State, Town",,Housing Finance Authority,N,N,Annually,2016,Y,N,N,,
,Connecticut,Housing Units,Table Download,Housing Tenure by Race and Ethnicity by County,"Location, Race/Ethnicity, Tenure, Occupied Housing Units, MOE","State, County",ACS,,N,N,As released,2019,Y,N,N,,
,Connecticut,Housing Units,Table Download,Housing Tenure by Race and Ethnicity by Town,"Location, Race/Ethnicity, Tenure, Occupied Housing Units, MOE","State, Town",ACS,,N,N,As released,2019,Y,N,N,,
,Connecticut,Housing Prices / Rent,Table Download,Median Home Value by County,"Location, Measure Type, Median Home Value","State, County",ACS,,N,N,As released,2019,Y,N,N,,
,Connecticut,Housing Prices / Rent,Table Download,Median Home Value by Town,"Location, Measure Type, Median Home Value","State, County",ACS,,N,N,As released,2019,Y,N,N,,
,Connecticut,Housing Prices / Rent,Table Download,Median Rent by County,"Location, Measure Type, Median Rent, ME","State, County",ACS,,N,N,As released,2019,Y,N,N,,
,Connecticut,Housing Prices / Rent,Table Download,Median Rent by Town,"Location, Measure Type, Median Rent, ME","State, Town",ACS,,N,N,As released,2019,Y,N,N,,
,Connecticut,Housing Prices / Rent,Table Download,Subsidized Housing by Type,"Total Housing Units, Government Assisted, CHFA/USDA Mortgage, Deed Restrictions, Tenant Rental Assistance, Total Assisted","State, Town, County",ACS,Department of Housing,N,N,As released,2019,Y,N,N,,
,Connecticut,Housing Units,Table Download,Total Housing Units by County,"Location, Occupancy Status, Housing Units","State, County",ACS,,N,N,As released,2019,Y,N,N,,
,Connecticut,Housing Units,Table Download,Total Housing Units by Town,"Location, Occupancy Status, Housing Units","State, Town",ACS,,N,N,As released,2019,Y,N,N,,
,Connecticut,Housing Units,Table Download,Single Housing Units by Town,"Location, Unit Type, Housing Units","State, Town, County",ACS,,N,N,As released,2019,Y,N,N,,
,Connecticut,Residential Mobility,Table Download,Residential Mobility by Poverty Status,"Location, Poverty Status, Mobility, Residential Mobility, MOE","State, Town",ACS,,N,N,As released,2019,Y,N,N,,
,Connecticut,Residential Mobility,Table Download,Residential Mobility by Race and Ethnicity,"Location, Race/Ethnicity, Mobility, Residential Mobility, MOE","State, Town",ACS,,N,N,As released,2019,Y,N,N,,
,Connecticut,Residential Mobility,Table Download,Residential Mobility by Poverty Tenure,"Location, Tenure, Mobility, Residential Mobility, MOE","State, Town",ACS,,N,N,As released,2019,Y,N,N,,
,Connecticut,Housing Prices / Rent,Table Download,Connected Measured by 2020 ACS,Median home value,"State, Town",ACS,,N,N,As released,2020,N,N,N,,
,Delaware,Housing Units,Table Download,Housing Units 2010,"County, Tract, Block, Acres, Total Housing Units, Occupied, Vacant","County, Census Tract, Block",Decennial Census,,N,N,As released,2010,N,N,N,,
,District of Columbia,Housing Characteristics,Infographic,Demographic Data At A Glance,"Homeownership Rate (%), Households (#), Median Rent ($)",State,CPS,,N,N,As released,2021,N,N,N,,
,District of Columbia,Housing Characteristics,Infographic,"District of Colombia Profile, 2017-2021","Total households, Total families, Average family size, Average household size, Households with own children under 18, Living alone, Housing units, Owner households, Median home value, renter households, median rent",State,ACS,,N,N,As released,2021,N,N,N,,
,District of Columbia,Housing Characteristics,Infographic,Ward Profiles,"Total households, Average household size, Housing units, Median rent, Owner households, Median home value,",State,ACS,,N,N,As released,2021,N,N,N,,
,District of Columbia,Occupancy,Map,"Percentage of Owner-Occupied Households by Ward, 2017-2021",Owner occupied households,Ward,ACS,,N,N,As released,2021,N,N,N,,
,District of Columbia,Occupancy,Map,"Percentage of Renter-Occupied Households by Ward, 2017-2021",Renter occupied households,Ward,ACS,,N,N,As released,2021,N,N,N,,
,District of Columbia,,,,,,,,,,,,,,,,
,District of Columbia,Household Size,Map,"Average Household Size by Census Tract, 2017-2021",Average number of people per household,Census Tract,ACS,,N,N,As released,2021,N,N,N,,
,District of Columbia,Household Income,Map,"Median Household Income by Census Tract, 2017-2021",Income level where half of households are either above or below,Census Tract,ACS,,N,N,As released,2021,N,N,N,,
,District of Columbia,Housing Characteristics,Map,Housing Characteristics of DC,"Bedrooms, Gross rent as a percentage of household income, Gross rent, House heating fuel, Housing occupancy, Housing tenure, Mortgage status, Occupants per room, Rooms, Selected monthly owner costs, Units in structure, Value, Vehicles available, Year householder moved into unit, Year structure built, ","State, Ward, Census Tract",ACS,,N,N,As released,2021,N,N,N,,
,District of Columbia,Housing Characteristics,Map,Social Characteristics of DC,"HOUSEHOLDS BY TYPE, RESIDENCE 1 YEAR AGO","State, Ward, Tract",ACS,,N,N,As released,2021,N,N,N,,
,District of Columbia,Occupancy,Report,A Spatial Panel Data Analysis on DC Renter Occupied Housing,,State,ACS,Office of Planning and Budget,N,N,As released,2021,N,N,N,,
,District of Columbia,Housing Prices / Rent,Infographic,Affordable Housing,New Dedicated,"State, Planning region",,"DCRA Certificate of Occupancy data, DMPED Affordable Housing Database",N,N,As released,2023,N,N,N,,
,District of Columbia,,,,"Affordable Housing Units, Target vs Actual",,,,,,,,,,,,
,District of Columbia,Housing Prices / Rent,Infographic,Upward Mobility,"Median household income, Black or african american, White, Asian, Hispanic or latino, Total households",State,ACS,,N,N,As released,2021,Y,N,N,,
,District of Columbia,Housing Prices / Rent,Infographic,Housing Cost Burden,"Moderately cost burdened, severely cost burdened, Renter occupied, Owner occupied, Black or african american, White, Asian","State, Ward",ACS,,N,N,As released,2020,Y,N,N,,
,District of Columbia,Housing Characteristics,Report,DC State Data Center 2017-2021 ACS Key Demographic Indicators,"Median Household Income (dollars), Mean Household Income (dollars), Total Housing Units (#), Vacant Housing Units (%), Occupied Housing Unit (%), % Owner-occupied Units, % Renter-occupied Units, Homeowner Vacancy Rate, Renter Vacancy Rate, Median Value of Owner-occupied Housing Units, Median Monthly Gross Rent, Households by type, Average Household Size","State, Ward",ACS,,N,N,As released,2021,N,N,N,,
,District of Columbia,Housing Units,Table Download,Housing Units by Occupancy Status 2010 & 2020,"Total housing units, Occupied housing units, Vacant housing units, Housing unit change","State, Ward",Decennial Census,,N,N,As released,2020,Y,N,N,,
,District of Columbia,Housing Units,Table Download,"Census 2020 Population, Voting Age, Race, Hispanic Origin, Housing Data","Total housing units, Occupied housing units, Vacant housing units, Housing unit change","State, Census Tract, Block",Decennial Census,,N,N,As released,2020,Y,N,N,,
,District of Columbia,Housing Units,Table Download,ANC Census 2010 Population and Housing Units,"Total housing units, Occupied housing units, Vacant housing units","Advisory Neighborhood Commission, Census Tract, Block",Census Redistricting,,N,N,As released,2010,N,N,N,,
,District of Columbia,Housing Units,Table Download,DC Census 2010 Housing Units,"Total housing units, Total occupied, Total vacant","Census Tract, Block, Block Group",Decennial Census,,N,N,As released,2010,N,N,N,,
,District of Columbia,Housing Characteristics,Table Download,Housing Characteristics,Housing unit estimate,State,ACS,,N,N,As released,2019,Y,N,N,,
0,Florida,,,,,,,,N,N,,,N,N,N,,
,Georgia ,Housing Units,Table Download,Housing Units by County 2000-2011,Housing Units,"State, County",Census Bureau,,N,N,As released,2011,Y,N,N,,
,Georgia ,Projections,Table Download,"County Residential Population, 2020-2060",Residential Population,County,,Office of Planning and Budget,N,N,As released,2020,N,N,N,,
,Georgia ,Projections,Table Download,"State Residential Population, 2020-2060",Residential Population,State,,Office of Planning and Budget,N,N,As released,2020,N,N,N,,
,Georgia,Housing Characteristics,Table Download,2000 Housing Characteristics,"Total households, Family households, With own children under 18, Married couple households, Female householder no husband, Non-Family Households, Living Alone, Householder 65 and over, Households with Persons under 18, Households with Persons 65 and over, Average Household Size, Average Family Size, Total Housing Units, Vacant, Owner Occupied, Rental Occupied, Units in Structure, Year Structure Built, Number of Rooms, Year Householder Moved Into Unit, House Heating Fuel, Occupancy per Room, Value for Specified Owner-Occupied Housing Units, Gross Rent, Density and Housing Unit Counts Per Square Mile",County,Census Bureau,,N,N,As released,2000,,N,N,,
,Hawaii,Housing Characteristics,Table Download,"Demographic, Social, Economic, and Housing Characteristics for Selected Race Groups in Hawaii (March 2018)","Households by type, Housing Tenure, Value, Housing units with a mortgage, Gross rent",State,ACS,,N,N,As released,2015,N,N,N,,
,Hawaii,Housing Characteristics,Report,"HSDC 2013-1 Selected Population and Housing Characteristics by County, Island and Census Tract for the State of Hawaii: 2007-2011 (February 2013)","Median Household Income, Median Value for Owner-Occupied Housing Units","Island, County, Census Tract",ACS,,N,N,As released,2011,N,N,N,,
,Hawaii,Housing Characteristics,Report,"Geographic Area (PUMA) Statistics:Income, Employment, Education, and Housing Characteristics, 2005 to 2008 (February 2011)","Housing characteristics: 2005 to 2008 (% of total housing units), Housing occupancy, Selected monthly owner costs for the housing units","County, PUMA",ACS,,N,N,As released,2008,N,N,N,,
,Hawaii,Housing Units,"Report, Table Download",Housing Units by County: 2000 to 2019,Housing units,"State, Island",Census Bureau,,N,N,As released,2019,Y,N,N,,
,Hawaii,Housing Units,Table Download,DBEDT/State Data Center Highlights & Housing Table,Housing units,"State, Island",Census Bureau,,N,N,As released,2022,Y,N,N,,
,Hawaii,Housing Units,Table Download,Annual Estimates of Housing Units for Counties in the State of Hawaii,housing unit estimate,"State, County",Census Bureau,,N,N,As released,2022,Y,N,N,,
,Hawaii,Housing Units,Table Download,"Housing Unit Estimates for the 100 Fastest Growing Counties With 5,000 or More Housing Units",housing unit estimate,County,Census Bureau,,N,N,As released,2022,Y,N,N,,
,Hawaii,Housing Units,Map,Median Value of Owner-Occupied Housing Units (by Census Tract),Median Value of Owner-Occupied Housing,"Island, Census tract",ACS,,N,N,As released,2011,N,N,N,,
,Hawaii,Occupancy,Map,"Owner-Occupied Housing in Percentage (by Census Tract, 2010 Census)",Percent Owner-Occupied Housing,"Island, Census tract",Decennial Census,,N,N,As released,2010,N,N,N,,
,Hawaii,Housing Prices / Rent,Data Visualization,Housing Market Dashboard,"Number of sales by residency of buyers, Number of sales and average sales price, Median price of home resales, Private building permits",County,,,N,N,As released,,N,N,N,,
0,Idaho,,,,,,,,N,N,,,N,N,N,,
0,Illinois,,,,,,,,N,N,,,N,N,N,,
,Indiana,Housing Units,Table,Indiana's Census 2020 Redistricting Data Dashboard,"Total housing units, Occupied housing units, Vacant housing units",State,Decennial Census,,N,N,As released,2020,,N,N,,
,Indiana,Estimates,Table Download,LENGTH OF RESIDENTIAL STAY BY OCCUPANCY TYPE,Estimate,"State, County",ACS,,N,N,As released,2016,N,N,N,,
,Indiana,Estimates,Table Download,MEDIAN MONTHLY HOME OWNER COSTS,Estimate,"State, County",ACS,,N,N,As released,2016,N,N,N,,
,Indiana,Housing Prices / Rent,Table Download,RENT COST BURDEN LEVELS,Estimate,"State, County",ACS,,N,N,As released,2016,N,N,N,,
,Indiana,Housing Prices / Rent,Table Download,MEDIAN RENT,Estimate,"State, County",ACS,,N,N,As released,2016,N,N,N,,
,Indiana,Household Income,Table Download,MEDIAN HOUSEHOLD INCOME,Estimate,"State, County",ACS,,N,N,As released,2016,N,N,N,,
,Indiana,Housing Prices / Rent,Table Download,MEDIAN HOME VALUE,Estimate,"State, County",ACS,,N,N,As released,2016,N,N,N,,
,Indiana,Estimates,Table Download,HOUSEHOLD TYPES,Estimate,"State, County",ACS,,N,N,As released,2016,N,N,N,,
,Indiana,Household Income,Table Download,HOUSEHOLD INCOME LEVELS,Estimate,"State, County",ACS,,N,N,As released,2016,N,N,N,,
,Indiana,Estimates,Table Download,AGE OF HOUSING,Estimate,"State, County",ACS,,N,N,As released,2016,N,N,N,,
,Iowa,Household Size,"Data Visualization, Table",Average household size by tenure,"Owner occupied, Renter occupied, Average household size","State, County, City, Metropolitan Area, School District",ACS,,N,N,As released,2021,Y,N,N,,
,Iowa,Household Type,"Data Visualization, Table",Tenure by household type and age of householder,"Owner occupied, Renter occupied, Family household, Nonfamily household","State, County, City, Metropolitan Area, School District",ACS,,N,N,As released,2021,Y,N,N,,
,Iowa,Occupancy,"Data Visualization, Table",Vacancy status,"For rent, Rented not occupied, For sale only, Sold not occupied, For seasonal recreational or occasional use, For migrant workers, Other vacant","State, County, City, Metropolitan Area, School District",ACS,,N,N,As released,2021,Y,N,N,,
,Iowa,Housing Prices / Rent,"Data Visualization, Table",Gross Rent,Median gross rent,"State, County, City, Metropolitan Area, School District",ACS,,N,N,As released,2021,Y,N,N,,
,Iowa,Household Size,"Data Visualization, Table",Number of Rooms by Tenure,"Owner occupied, Renter occupied, Number of rooms","State, County, City, Metropolitan Area, School District",ACS,,N,N,As released,2021,Y,N,N,,
,Iowa,Housing Characteristics,"Data Visualization, Table",Median year structure built by tenure,"Owner occupied, Renter occupied, Median year built","State, County, City, Metropolitan Area, School District",ACS,,N,N,As released,2021,Y,N,N,,
,Iowa,Housing Characteristics,"Data Visualization, Table",Tenure by year structure built,"Owner occupied, Renter occupied, Year built","State, County, City, Metropolitan Area, School District",ACS,,N,N,As released,2021,Y,N,N,,
,Iowa,Housing Units,"Data Visualization, Table",Housing units authorized by building permits,"Buildings, Units, Value","State, County, City, Metropolitan Area",ACS,,N,N,As released,2022,Y,N,N,,
,Iowa,Estimates,Table,Annual housing unit estimates,,"State, County, City, Metropolitan Area, School District",ACS,,N,N,As released,2020,Y,N,N,,
,Kansas,Housing Characteristics,Map,2020 Census Demographic Data Map Viewer,"Percent married-couple households by state (or state equivalent), Percent unmarried-couple households by state (or state equivalent), Percent one-person households by state (or state equivalent), Percent multigenerational households by state (or state equivalent), Percent occupied housing units by state (or state equivalent), Percent owner-occupied housing units by state (or state equivalent)",State,Decennial Census,,Y,https://mtgis-portal.geo.census.gov/arcgis/apps/MapSeries/index.html?appid=2566121a73de463995ed2b2fd7ff6eb7,As released,2020,N,N,N,,
,Kansas,Housing Characteristics,Map,Kansas Data Archive,"Building Permits, Fair Market Rent (HUD), Housing Units, Housing Costs, Occupancy Status/Rates",County,Census Bureau,,,,As released,2021,Y,N,N,,
,Kansas,Housing Characteristics,"Table, Data Visualization",Kansas Regional Data Portal,"Housing units, Occupancy status, Homeowner vacany rate, Rental vacany rate, Median value of owner-occupied housing units, Housing stock, Percent of housing units built before 1940, Housing affordability, Percent of households with owner costs of 30% or more of income",State,Census Bureau,Board of Governors of the Federal Reserve System and Freddie Mac,N,N,As released,2020,N,N,N,,
,Kentucky,Estimates,Table Download,Housing Units 2020-2022,"Estimates Base, Housing Unit Estimate","State, Area devlopment district, County",Census Bureau,,N,N,As released,2020,N,N,N,,
,Ketucky,Projections,Table Download,Household Projections,,County,,,N,N,As released,2020,Y,N,N,,
,Louisiana,Occupancy,Table Download,Occupancy Status of Housing Units,"Occupied, Vacant","State, Parish",Decennial Census,,Y,"https://data.census.gov/table?g=040XX00US22,22$0500000&y=2020&d=DEC+Redistricting+Data+(PL+94-171)&tid=DECENNIALPL2020.H1",As released,2020,,N,N,,
,Maine,Occupancy,Table Download,Housing Units by Occupancy Status,"Occupied, Vacant","State, County, City, Town",Decennial Census,,N,N,As released,2020,N,N,N,,
,Maine,Housing Characteristics,Table Download,Build Your Own Spreadsheet,"Housing Substandard, Housing Vacancies","State, County",,,N,N,As released,,N,N,N,,
,Maryland,Housing Characteristics,Report,2020 Census Profile of General Population and Housing Characteristics,"Households by type, Housing Occupancy, Housing Tenure","State, County, Tract",Decennial Census,,N,N,As released,2020,N,N,N,,
,Maryland,Housing Units,Table Download,"Housing Units Summary, 2010 and 2020","2010 Housing Units, 2020 Housing Units, Change, Percent Change","State, Region, Jurisdiction, Census designated place",Decennial Census,,N,N,As released,2020,N,N,N,,
,Maryland,Household Size,Table Download,"Average Household Size, 2010 and 2020","Household Population, Occupied Housing Units, Average Household Size","State, Region, Jurisdiction",Decennial Census,,N,N,As released,2020,N,N,N,,
,Maryland,Housing Units,Table Download,"Population and Housing Units, 2020-1950",Housing Units,"State, Jurisdiction",Census Bureau,,N,N,As released,2020,Y,N,N,,
,Maryland,Housing Units,Table Download,"Housing Unit Change, 2020-1950","Housin Unit Net Change, Housing Unit Percent Change","State, Jurisdiction",Census Bureau,,N,N,As released,2020,Y,N,N,,
,Maryland,Household Type,Table Download,"Household Type, Housing Tenure and and Relationship to Householder for Migrants, 2010 to 2014 (Foreign Migration)","Household Type, Housing Tenure, ","State, Region, County",ACS,,N,N,As released,2014,N,N,N,,
,Maryland,Housing Prices / Rent,Table Download,"Housing Unit Sales and Pricing in Maryland, 2002 - 2021","Total, Median, Mean, Single-Family, Townhouse, Condominium, Mobile Home, Rental Property, Residential Blank/No data","State, Region, County",,"MdProperty View Sales Database, Office of Planning and Budget",N,N,As released,2021,Y,N,N,,
,Maryland,Housing Units,Table Download,New Housing Units Authorized for Development,,,,,N,N,As released,2023,Y,N,N,,
,Massachusetts,Permits,Table Download,"Annual Building Permit Data, 2000-2022",Residential building permits issued,County,Census Bureau,,N,N,As released,2022,Y,N,N,,
,Massachusetts,Housing Units,Report,Massachusetts 2010: Population and Housing Unit Counts,,,Decennial Census,,N,N,As released,2010,N,N,N,,
0,Michigan,,,,,,,,N,N,,,N,N,N,,
0,Minnesota,,,,,,,,N,N,,,N,N,N,,
,Mississippi,Estimates,Table,"Annual Estimates of Housing Units for the United States, Regions, Divisions, States, and Counties: April 1, 2010 to July 1, 2018",,,Census Bureau,,,,As released,2010,N,N,N,,
,Mississippi,Housing Characteristics,Table Download,Comparative Housing Characteristics,"Housing Occupancy, Units in Structure, Year Structure Built, Rooms, Bedrooms, Housing tenure, Year householder moved into unit, Vehicles available, House heating fuel, Occupants per room, Value, Mortgage status, Selected monthly owner costs as a percentage of household income, Gross rent, Gross rent as a percentage of household income",State,ACS,,Y,https://data.census.gov/table?q=ACSCP1Y2017.CP04&g=040XX00US28&tid=ACSCP1Y2019.CP04,As released,2021,Y,N,N,,
,Mississippi,Housing Units,Table Download,Comparative Demographic Estimates,Total Housing Units,State,ACS,,Y,https://data.census.gov/table?q=ACSCP1Y2017.CP05&g=040XX00US28&tid=ACSCP1Y2021.CP05,As released,2021,Y,N,N,,
,Mississippi,Housing Units,Map,Percent Owner Occupied Housing Units 1990,Percent owner occupied,County,Census Bureau,University of Mississippi,N,N,As released,1990,N,N,N,,
,Missouri,Housing Characteristics,Table Download,"Demographic and Housing Characteristics (DHC), complete tables",,,Decennial Census,,N,N,As released,2020,N,N,N,,
,Guam,Housing Units,"Data Visualization, Table",Housing and Population,"2010 Housing Units, 2020 Housing Units",Village,Decennial Census,,N,N,As released,2020,N,N,N,,
,Guam,Housing Characteristics,Table,Demographic Profile Dashboard,"Housing Occupancy, Housing Tenure, Units in Structure, Year Structure Built, Rooms, Bedrooms, Source of Water, Sewage Disposal, Year householder moved into unit, Vehicles available, Occupants per room, Telephone service available, Computer and internet use, Value, Mortgage status and selected monthly owner costs, Selected monthly owner costs as a percentage of household income in 2019, Gross rent, Gross rent as a percentage of household income in 2019","State, Village",Decennial Census,,N,N,As released,2020,N,N,N,,
,Guam,Housing Units,Table,Demographic Profile by Census Designated Place,Housing Units,Census designated place,Decennial Census,,N,N,As released,2020,N,N,N,,
,Guam,Housing Characteristics,Table Download,Selected Housing Characteristics,"Housing Occupancy, Housing Tenure, Units in Structure, Year Structure Built, Rooms, Bedrooms, Source of Water, Sewage Disposal, Year householder moved into unit, Vehicles available, Occupants per room, Telephone service available, Computer and internet use, Value, Mortgage status and selected monthly owner costs, Selected monthly owner costs as a percentage of household income in 2019, Gross rent, Gross rent as a percentage of household income in 2019","Village, Census designated place",Decennial Census,,N,N,As released,2020,N,N,N,,
,Puerto Rico,Housing Characteristics,Report,Puerto Rico 2010: Summary Population and Housing Characteristics,"Housing Occupancy and Tenure, Occupied Housing Units by Race and",State,Census Bureau,,N,N,As released,2010,N,N,N,,
,Puerto Rico,Housing Prices / Rent,Table,Puerto Rico Housing Price Index,"All transactions, purchase only",State,,Housing Finance Authority,N,N,As released,2021,Y,N,N,,