"","onetsoc_code","title","job_zone","date_updated","domain_source","group_soc","avg_zone","new_zone"
"1","51-9197.00","Tire Builders",2,2007-06-01,"Analyst","51-91",2,2
"2","41-9091.00","Door-To-Door Sales Workers, News and Street Vendors, and Related Workers",1,2018-08-01,"Analyst","41-90",2,1
"3","27-2023.00","Umpires, Referees, and Other Sports Officials",3,2014-07-01,"Analyst","27-20",3,3
"4","19-1011.00","Animal Scientists",5,2016-07-01,"Analyst","19-10",5,5
"5","13-2011.01","Accountants",4,2018-08-01,"Analyst","13-20",4,4
"6","23-1012.00","Judicial Law Clerks",5,2013-07-01,"Analyst","23-10",5,5
"7","33-1012.00","First-Line Supervisors of Police and Detectives",3,2016-07-01,"Analyst","33-10",3,3
"8","19-2032.00","Materials Scientists",5,2012-07-01,"Analyst","19-20",5,5
"9","17-2121.02","Marine Architects",4,2015-07-01,"Analyst","17-21",4,4
"10","47-2121.00","Glaziers",2,2014-07-01,"Analyst","47-21",2,2
"11","45-2092.01","Nursery Workers",2,2016-07-01,"Analyst","45-20",2,2
"12","27-3021.00","Broadcast News Analysts",4,2017-07-01,"Analyst","27-30",4,4
"13","25-1021.00","Computer Science Teachers, Postsecondary",5,2011-07-01,"Analyst","25-10",5,5
"14","39-4021.00","Funeral Attendants",2,2014-07-01,"Analyst","39-40",3,2
"15","51-9199.01","Recycling and Reclamation Workers",2,2012-07-01,"Analyst","51-91",2,2
"16","53-7121.00","Tank Car, Truck, and Ship Loaders",2,2006-12-01,"Analyst","53-71",2,2
"17","33-3021.06","Intelligence Analysts",4,2012-07-01,"Analyst","33-30",3,4
"18","43-4031.01","Court Clerks",2,2012-07-01,"Analyst","43-40",2,2
"19","51-9051.00","Furnace, Kiln, Oven, Drier, and Kettle Operators and Tenders",2,2015-07-01,"Analyst","51-90",2,2
"20","49-9091.00","Coin, Vending, and Amusement Machine Servicers and Repairers",2,2017-07-01,"Analyst","49-90",2,2
"21","33-9099.02","Retail Loss Prevention Specialists",2,2014-07-01,"Analyst","33-90",2,2
"22","47-2171.00","Reinforcing Iron and Rebar Workers",2,2015-07-01,"Analyst","47-21",2,2
"23","45-3011.00","Fishers and Related Fishing Workers",1,2007-06-01,"Analyst","45-30",1,1
"24","29-9092.00","Genetic Counselors",5,2014-07-01,"Analyst","29-90",4,5
"25","43-4061.00","Eligibility Interviewers, Government Programs",3,2016-07-01,"Analyst","43-40",2,3
"26","25-1124.00","Foreign Language and Literature Teachers, Postsecondary",5,2011-07-01,"Analyst","25-11",5,5
"27","13-1199.06","Online Merchants",4,2014-07-01,"Analyst","13-11",4,4
"28","25-1121.00","Art, Drama, and Music Teachers, Postsecondary",5,2011-07-01,"Analyst","25-11",5,5
"29","43-5041.00","Meter Readers, Utilities",2,2016-07-01,"Analyst","43-50",2,2
"30","29-1066.00","Psychiatrists",5,2014-07-01,"Analyst","29-10",5,5
"31","21-1094.00","Community Health Workers",4,2013-07-01,"Analyst","21-10",5,4
"32","45-1011.07","First-Line Supervisors of Agricultural Crop and Horticultural Workers",3,2014-07-01,"Analyst","45-10",3,3
"33","27-1024.00","Graphic Designers",4,2016-07-01,"Analyst","27-10",4,4
"34","51-9111.00","Packaging and Filling Machine Operators and Tenders",2,2017-07-01,"Analyst","51-91",2,2
"35","23-1011.00","Lawyers",5,2016-07-01,"Analyst","23-10",5,5
"36","19-4061.00","Social Science Research Assistants",4,2007-06-01,"Analyst","19-40",4,4
"37","11-2011.00","Advertising and Promotions Managers",4,2018-08-01,"Analyst","11-20",4,4
"38","17-1022.00","Surveyors",4,2017-07-01,"Analyst","17-10",4,4
"39","11-9199.04","Supply Chain Managers",4,2017-07-01,"Analyst","11-91",4,4
"40","53-3041.00","Taxi Drivers and Chauffeurs",2,2018-08-01,"Analyst","53-30",2,2
"41","51-5111.00","Prepress Technicians and Workers",3,2016-07-01,"Analyst","51-51",3,3
"42","35-3041.00","Food Servers, Nonrestaurant",1,2014-07-01,"Analyst","35-30",1,1
"43","27-2012.02","Directors- Stage, Motion Pictures, Television, and Radio",4,2010-06-01,"Analyst","27-20",3,4
"44","51-4192.00","Layout Workers, Metal and Plastic",2,2018-08-01,"Analyst","51-41",2,2
"45","25-2032.00","Career/Technical Education Teachers, Secondary School",4,2018-08-01,"Analyst","25-20",4,4
"46","51-4032.00","Drilling and Boring Machine Tool Setters, Operators, and Tenders, Metal and Plastic",2,2013-07-01,"Analyst","51-40",2,2
"47","43-5021.00","Couriers and Messengers",2,2016-07-01,"Analyst","43-50",2,2
"48","49-9043.00","Maintenance Workers, Machinery",3,2015-07-01,"Analyst","49-90",2,3
"49","33-3012.00","Correctional Officers and Jailers",2,2016-07-01,"Analyst","33-30",3,2
"50","39-2021.00","Nonfarm Animal Caretakers",1,2011-07-01,"Analyst","39-20",2,1
"51","25-3011.00","Adult Basic and Secondary Education and Literacy Teachers and Instructors",4,2018-08-01,"Analyst","25-30",4,4
"52","15-2091.00","Mathematical Technicians",4,2008-06-01,"Analyst","15-20",5,4
"53","17-3022.00","Civil Engineering Technicians",3,2017-07-01,"Analyst","17-30",3,3
"54","51-7031.00","Model Makers, Wood",3,2007-06-01,"Analyst","51-70",2,3
"55","15-2031.00","Operations Research Analysts",5,2017-07-01,"Analyst","15-20",5,5
"56","29-1069.08","Physical Medicine and Rehabilitation Physicians",5,2012-07-01,"Analyst","29-10",5,5
"57","53-6051.08","Freight and Cargo Inspectors",4,2008-06-01,"Analyst","53-60",2,4
"58","29-2011.00","Medical and Clinical Laboratory Technologists",4,2013-07-01,"Analyst","29-20",3,4
"59","51-8013.00","Power Plant Operators",2,2014-07-01,"Analyst","51-80",3,2
"60","43-4051.00","Customer Service Representatives",2,2013-07-01,"Analyst","43-40",2,2
"61","11-1011.03","Chief Sustainability Officers",5,2013-07-01,"Analyst","11-10",4,5
"62","17-3026.00","Industrial Engineering Technicians",3,2014-07-01,"Analyst","17-30",3,3
"63","19-4051.01","Nuclear Equipment Operation Technicians",3,2017-07-01,"Analyst","19-40",4,3
"64","53-2022.00","Airfield Operations Specialists",3,2013-07-01,"Analyst","53-20",3,3
"65","29-1051.00","Pharmacists",5,2013-07-01,"Analyst","29-10",5,5
"66","43-3071.00","Tellers",2,2018-08-01,"Analyst","43-30",2,2
"67","49-2021.00","Radio, Cellular, and Tower Equipment Installers and Repairers",3,2013-07-01,"Analyst","49-20",3,3
"68","27-4012.00","Broadcast Technicians",3,2010-06-01,"Analyst","27-40",3,3
"69","51-4034.00","Lathe and Turning Machine Tool Setters, Operators, and Tenders, Metal and Plastic",2,2016-07-01,"Analyst","51-40",2,2
"70","47-4091.00","Segmental Pavers",2,2008-06-01,"Analyst","47-40",2,2
"71","13-1121.00","Meeting, Convention, and Event Planners",4,2016-07-01,"Analyst","13-11",4,4
"72","25-4021.00","Librarians",5,2017-07-01,"Analyst","25-40",4,5
"73","13-2061.00","Financial Examiners",4,2012-07-01,"Analyst","13-20",4,4
"74","53-4013.00","Rail Yard Engineers, Dinkey Operators, and Hostlers",2,2006-06-01,"Analyst","53-40",2,2
"75","17-3024.00","Electro-Mechanical Technicians",3,2015-07-01,"Analyst","17-30",3,3
"76","49-9099.01","Geothermal Technicians",2,2011-07-01,"Analyst","49-90",2,2
"77","43-4141.00","New Accounts Clerks",2,2011-07-01,"Analyst","43-41",2,2
"78","21-1093.00","Social and Human Service Assistants",4,2013-07-01,"Analyst","21-10",5,4
"79","15-1121.01","Informatics Nurse Specialists",4,2013-07-01,"Analyst","15-11",4,4
"80","19-1029.02","Molecular and Cellular Biologists",5,2016-07-01,"Analyst","19-10",5,5
"81","27-1011.00","Art Directors",4,2012-07-01,"Analyst","27-10",4,4
"82","29-2055.00","Surgical Technologists",3,2013-07-01,"Analyst","29-20",3,3
"83","43-4161.00","Human Resources Assistants, Except Payroll and Timekeeping",3,2017-07-01,"Analyst","43-41",2,3
"84","53-6041.00","Traffic Technicians",3,2016-07-01,"Analyst","53-60",2,3
"85","17-2041.00","Chemical Engineers",4,2017-07-01,"Analyst","17-20",4,4
"86","11-3011.00","Administrative Services Managers",3,2017-07-01,"Analyst","11-30",4,3
"87","49-3051.00","Motorboat Mechanics and Service Technicians",3,2015-07-01,"Analyst","49-30",3,3
"88","35-3011.00","Bartenders",2,2017-07-01,"Analyst","35-30",1,2
"89","11-3021.00","Computer and Information Systems Managers",4,2016-07-01,"Analyst","11-30",4,4
"90","51-9193.00","Cooling and Freezing Equipment Operators and Tenders",2,2017-07-01,"Analyst","51-91",2,2
"91","25-1042.00","Biological Science Teachers, Postsecondary",5,2011-07-01,"Analyst","25-10",5,5
"92","51-8021.00","Stationary Engineers and Boiler Operators",3,2013-07-01,"Analyst","51-80",3,3
"93","35-9011.00","Dining Room and Cafeteria Attendants and Bartender Helpers",1,2014-07-01,"Analyst","35-90",1,1
"94","25-1082.00","Library Science Teachers, Postsecondary",5,2011-07-01,"Analyst","25-10",5,5
"95","25-1063.00","Economics Teachers, Postsecondary",5,2011-07-01,"Analyst","25-10",5,5
"96","33-2011.02","Forest Firefighters",2,2018-08-01,"Analyst","33-20",3,2
"97","29-1069.05","Nuclear Medicine Physicians",5,2014-07-01,"Analyst","29-10",5,5
"98","25-4031.00","Library Technicians",3,2017-07-01,"Analyst","25-40",4,3
"99","39-5092.00","Manicurists and Pedicurists",2,2015-07-01,"Analyst","39-50",3,2
"100","43-9031.00","Desktop Publishers",3,2009-06-01,"Analyst","43-90",2,3
"101","13-1199.04","Business Continuity Planners",4,2018-08-01,"Analyst","13-11",4,4
"102","31-9094.00","Medical Transcriptionists",3,2012-07-01,"Analyst","31-90",3,3
"103","15-1141.00","Database Administrators",4,2016-07-01,"Analyst","15-11",4,4
"104","31-9095.00","Pharmacy Aides",2,2014-07-01,"Analyst","31-90",3,2
"105","47-2081.00","Drywall and Ceiling Tile Installers",2,2016-07-01,"Analyst","47-20",2,2
"106","43-4041.01","Credit Authorizers",3,2005-12-01,"Analyst","43-40",2,3
"107","45-3021.00","Hunters and Trappers",1,2016-07-01,"Analyst","45-30",1,1
"108","11-9199.09","Wind Energy Operations Managers",4,2016-07-01,"Analyst","11-91",4,4
"109","41-9022.00","Real Estate Sales Agents",3,2009-06-01,"Analyst","41-90",2,3
"110","39-9031.00","Fitness Trainers and Aerobics Instructors",3,2014-07-01,"Analyst","39-90",3,3
"111","15-1122.00","Information Security Analysts",4,2018-08-01,"Analyst","15-11",4,4
"112","11-9161.00","Emergency Management Directors",4,2017-07-01,"Analyst","11-91",4,4
"113","45-2091.00","Agricultural Equipment Operators",2,2007-06-01,"Analyst","45-20",2,2
"114","41-2011.00","Cashiers",2,2018-08-01,"Analyst","41-20",2,2
"115","13-1041.03","Equal Opportunity Representatives and Officers",4,2015-07-01,"Analyst","13-10",4,4
"116","45-4021.00","Fallers",1,2007-06-01,"Analyst","45-40",2,1
"117","17-3029.06","Manufacturing Engineering Technologists",4,2017-07-01,"Analyst","17-30",3,4
"118","13-2071.01","Loan Counselors",4,2016-07-01,"Analyst","13-20",4,4
"119","49-2011.00","Computer, Automated Teller, and Office Machine Repairers",3,2015-07-01,"Analyst","49-20",3,3
"120","15-1199.01","Software Quality Assurance Engineers and Testers",4,2016-07-01,"Analyst","15-11",4,4
"121","11-3031.02","Financial Managers, Branch or Department",4,2014-07-01,"Analyst","11-30",4,4
"122","49-9081.00","Wind Turbine Service Technicians",3,2013-07-01,"Analyst","49-90",2,3
"123","21-1091.00","Health Educators",4,2012-07-01,"Analyst","21-10",5,4
"124","53-7031.00","Dredge Operators",2,2008-06-01,"Analyst","53-70",2,2
"125","43-4031.03","License Clerks",2,2014-07-01,"Analyst","43-40",2,2
"126","37-3012.00","Pesticide Handlers, Sprayers, and Applicators, Vegetation",2,2015-07-01,"Analyst","37-30",2,2
"127","17-3027.00","Mechanical Engineering Technicians",3,2018-08-01,"Analyst","17-30",3,3
"128","11-3051.01","Quality Control Systems Managers",4,2012-07-01,"Analyst","11-30",4,4
"129","51-7021.00","Furniture Finishers",2,2017-07-01,"Analyst","51-70",2,2
"130","13-1041.07","Regulatory Affairs Specialists",4,2009-06-01,"Analyst","13-10",4,4
"131","41-2031.00","Retail Salespersons",2,2018-08-01,"Analyst","41-20",2,2
"132","47-2211.00","Sheet Metal Workers",2,2014-07-01,"Analyst","47-22",2,2
"133","31-9092.00","Medical Assistants",3,2013-07-01,"Analyst","31-90",3,3
"134","17-2199.02","Validation Engineers",4,2018-08-01,"Analyst","17-21",4,4
"135","25-1041.00","Agricultural Sciences Teachers, Postsecondary",5,2011-07-01,"Analyst","25-10",5,5
"136","19-2021.00","Atmospheric and Space Scientists",4,2012-07-01,"Analyst","19-20",5,4
"137","39-9011.00","Childcare Workers",2,2018-08-01,"Analyst","39-90",3,2
"138","19-3092.00","Geographers",5,2016-07-01,"Analyst","19-30",5,5
"139","43-5081.04","Order Fillers, Wholesale and Retail Sales",2,2015-07-01,"Analyst","43-50",2,2
"140","51-4061.00","Model Makers, Metal and Plastic",3,2016-07-01,"Analyst","51-40",2,3
"141","13-1071.00","Human Resources Specialists",4,2012-07-01,"Analyst","13-10",4,4
"142","19-4061.01","City and Regional Planning Aides",4,2008-06-01,"Analyst","19-40",4,4
"143","27-2012.05","Technical Directors/Managers",4,2010-06-01,"Analyst","27-20",3,4
"144","51-8012.00","Power Distributors and Dispatchers",3,2014-07-01,"Analyst","51-80",3,3
"145","21-2011.00","Clergy",5,2015-07-01,"Analyst","21-20",4,5
"146","53-5022.00","Motorboat Operators",2,2007-06-01,"Analyst","53-50",2,2
"147","17-3027.01","Automotive Engineering Technicians",3,2016-07-01,"Analyst","17-30",3,3
"148","17-3023.01","Electronics Engineering Technicians",3,2013-07-01,"Analyst","17-30",3,3
"149","11-9199.07","Security Managers",4,2013-07-01,"Analyst","11-91",4,4
"150","19-2012.00","Physicists",5,2006-12-01,"Analyst","19-20",5,5
"151","35-2011.00","Cooks, Fast Food",1,2011-07-01,"Analyst","35-20",2,1
"152","29-1022.00","Oral and Maxillofacial Surgeons",5,2012-07-01,"Analyst","29-10",5,5
"153","43-9111.01","Bioinformatics Technicians",4,2014-07-01,"Analyst","43-91",4,4
"154","43-5061.00","Production, Planning, and Expediting Clerks",3,2013-07-01,"Analyst","43-50",2,3
"155","53-6051.07","Transportation Vehicle, Equipment and Systems Inspectors, Except Aviation",2,2015-07-01,"Analyst","53-60",2,2
"156","43-2021.00","Telephone Operators",2,2007-06-01,"Analyst","43-20",2,2
"157","29-1199.05","Orthoptists",5,2016-07-01,"Analyst","29-11",4,5
"158","25-2012.00","Kindergarten Teachers, Except Special Education",4,2018-08-01,"Analyst","25-20",4,4
"159","49-9093.00","Fabric Menders, Except Garment",1,2008-06-01,"Analyst","49-90",2,1
"160","19-3091.01","Anthropologists",5,2018-08-01,"Analyst","19-30",5,5
"161","29-2011.03","Histotechnologists and Histologic Technicians",3,2014-07-01,"Analyst","29-20",3,3
"162","51-8092.00","Gas Plant Operators",3,2007-06-01,"Analyst","51-80",3,3
"163","31-9011.00","Massage Therapists",3,2015-07-01,"Analyst","31-90",3,3
"164","15-1143.00","Computer Network Architects",4,2018-08-01,"Analyst","15-11",4,4
"165","15-2041.00","Statisticians",5,2012-07-01,"Analyst","15-20",5,5
"166","51-4033.00","Grinding, Lapping, Polishing, and Buffing Machine Tool Setters, Operators, and Tenders, Metal and Plastic",2,2016-07-01,"Analyst","51-40",2,2
"167","29-2054.00","Respiratory Therapy Technicians",3,2014-07-01,"Analyst","29-20",3,3
"168","33-3021.03","Criminal Investigators and Special Agents",3,2011-07-01,"Analyst","33-30",3,3
"169","25-2059.01","Adapted Physical Education Specialists",4,2012-07-01,"Analyst","25-20",4,4
"170","49-9096.00","Riggers",2,2007-06-01,"Analyst","49-90",2,2
"171","27-3011.00","Radio and Television Announcers",4,2016-07-01,"Analyst","27-30",4,4
"172","17-2021.00","Agricultural Engineers",4,2017-07-01,"Analyst","17-20",4,4
"173","13-2053.00","Insurance Underwriters",4,2018-08-01,"Analyst","13-20",4,4
"174","47-2132.00","Insulation Workers, Mechanical",2,2007-06-01,"Analyst","47-21",2,2
"175","51-6051.00","Sewers, Hand",2,2007-06-01,"Analyst","51-60",2,2
"176","43-5031.00","Police, Fire, and Ambulance Dispatchers",2,2016-07-01,"Analyst","43-50",2,2
"177","11-3031.01","Treasurers and Controllers",5,2012-07-01,"Analyst","11-30",4,5
"178","39-7011.00","Tour Guides and Escorts",3,2011-07-01,"Analyst","39-70",3,3
"179","51-9061.00","Inspectors, Testers, Sorters, Samplers, and Weighers",2,2012-07-01,"Analyst","51-90",2,2
"180","47-5013.00","Service Unit Operators, Oil, Gas, and Mining",2,2013-07-01,"Analyst","47-50",2,2
"181","15-1199.09","Information Technology Project Managers",4,2012-07-01,"Analyst","15-11",4,4
"182","31-9091.00","Dental Assistants",3,2013-07-01,"Analyst","31-90",3,3
"183","29-1065.00","Pediatricians, General",5,2012-07-01,"Analyst","29-10",5,5
"184","47-4051.00","Highway Maintenance Workers",2,2017-07-01,"Analyst","47-40",2,2
"185","13-1111.00","Management Analysts",5,2016-07-01,"Analyst","13-11",4,5
"186","27-3041.00","Editors",4,2017-07-01,"Analyst","27-30",4,4
"187","51-4072.00","Molding, Coremaking, and Casting Machine Setters, Operators, and Tenders, Metal and Plastic",2,2016-07-01,"Analyst","51-40",2,2
"188","11-9151.00","Social and Community Service Managers",4,2018-08-01,"Analyst","11-91",4,4
"189","49-3022.00","Automotive Glass Installers and Repairers",2,2014-07-01,"Analyst","49-30",3,2
"190","49-2096.00","Electronic Equipment Installers and Repairers, Motor Vehicles",3,2016-07-01,"Analyst","49-20",3,3
"191","19-3031.01","School Psychologists",5,2010-06-01,"Analyst","19-30",5,5
"192","51-8099.04","Hydroelectric Plant Technicians",3,2016-07-01,"Analyst","51-80",3,3
"193","31-1015.00","Orderlies",2,2016-07-01,"Analyst","31-10",2,2
"194","45-2093.00","Farmworkers, Farm, Ranch, and Aquacultural Animals",1,2007-06-01,"Analyst","45-20",2,1
"195","15-2041.01","Biostatisticians",5,2014-07-01,"Analyst","15-20",5,5
"196","51-8031.00","Water and Wastewater Treatment Plant and System Operators",3,2018-08-01,"Analyst","51-80",3,3
"197","43-9011.00","Computer Operators",3,2018-08-01,"Analyst","43-90",2,3
"198","19-4041.01","Geophysical Data Technicians",4,2006-12-01,"Analyst","19-40",4,4
"199","19-1023.00","Zoologists and Wildlife Biologists",5,2018-08-01,"Analyst","19-10",5,5
"200","39-6011.00","Baggage Porters and Bellhops",2,2018-08-01,"Analyst","39-60",2,2
"201","29-2033.00","Nuclear Medicine Technologists",3,2013-07-01,"Analyst","29-20",3,3
"202","53-6061.00","Transportation Attendants, Except Flight Attendants",2,2015-07-01,"Analyst","53-60",2,2
"203","51-8091.00","Chemical Plant and System Operators",2,2015-07-01,"Analyst","51-80",3,2
"204","11-2022.00","Sales Managers",4,2016-07-01,"Analyst","11-20",4,4
"205","17-2111.03","Product Safety Engineers",4,2016-07-01,"Analyst","17-21",4,4
"206","43-3021.02","Billing, Cost, and Rate Clerks",2,2014-07-01,"Analyst","43-30",2,2
"207","33-3021.01","Police Detectives",3,2016-07-01,"Analyst","33-30",3,3
"208","29-1071.00","Physician Assistants",5,2014-07-01,"Analyst","29-10",5,5
"209","25-1071.00","Health Specialties Teachers, Postsecondary",5,2011-07-01,"Analyst","25-10",5,5
"210","13-1023.00","Purchasing Agents, Except Wholesale, Retail, and Farm Products",4,2011-07-01,"Analyst","13-10",4,4
"211","19-1020.01","Biologists",5,2018-08-01,"Analyst","19-10",5,5
"212","29-1021.00","Dentists, General",5,2014-07-01,"Analyst","29-10",5,5
"213","25-3099.02","Tutors",4,2014-07-01,"Analyst","25-30",4,4
"214","35-2021.00","Food Preparation Workers",1,2017-07-01,"Analyst","35-20",2,1
"215","43-3011.00","Bill and Account Collectors",2,2018-08-01,"Analyst","43-30",2,2
"216","17-2141.00","Mechanical Engineers",4,2015-07-01,"Analyst","17-21",4,4
"217","47-2142.00","Paperhangers",2,2008-06-01,"Analyst","47-21",2,2
"218","25-1032.00","Engineering Teachers, Postsecondary",5,2011-07-01,"Analyst","25-10",5,5
"219","27-3022.00","Reporters and Correspondents",4,2014-07-01,"Analyst","27-30",4,4
"220","33-9021.00","Private Detectives and Investigators",3,2015-07-01,"Analyst","33-90",2,3
"221","25-4011.00","Archivists",5,2011-07-01,"Analyst","25-40",4,5
"222","29-1024.00","Prosthodontists",5,2012-07-01,"Analyst","29-10",5,5
"223","25-2031.00","Secondary School Teachers, Except Special and Career/Technical Education",4,2018-08-01,"Analyst","25-20",4,4
"224","51-4021.00","Extruding and Drawing Machine Setters, Operators, and Tenders, Metal and Plastic",2,2015-07-01,"Analyst","51-40",2,2
"225","31-2011.00","Occupational Therapy Assistants",3,2014-07-01,"Analyst","31-20",3,3
"226","29-2057.00","Ophthalmic Medical Technicians",3,2013-07-01,"Analyst","29-20",3,3
"227","33-9032.00","Security Guards",2,2016-07-01,"Analyst","33-90",2,2
"228","47-4031.00","Fence Erectors",2,2007-06-01,"Analyst","47-40",2,2
"229","13-2081.00","Tax Examiners and Collectors, and Revenue Agents",3,2011-07-01,"Analyst","13-20",4,3
"230","39-3093.00","Locker Room, Coatroom, and Dressing Room Attendants",2,2011-07-01,"Analyst","39-30",2,2
"231","43-9041.01","Insurance Claims Clerks",3,2015-07-01,"Analyst","43-90",2,3
"232","29-1023.00","Orthodontists",5,2012-07-01,"Analyst","29-10",5,5
"233","35-2014.00","Cooks, Restaurant",2,2018-08-01,"Analyst","35-20",2,2
"234","15-1121.00","Computer Systems Analysts",4,2017-07-01,"Analyst","15-11",4,4
"235","41-2021.00","Counter and Rental Clerks",1,2010-06-01,"Analyst","41-20",2,1
"236","19-3031.02","Clinical Psychologists",5,2012-07-01,"Analyst","19-30",5,5
"237","43-3061.00","Procurement Clerks",3,2015-07-01,"Analyst","43-30",2,3
"238","49-9011.00","Mechanical Door Repairers",2,2015-07-01,"Analyst","49-90",2,2
"239","47-2044.00","Tile and Marble Setters",2,2009-06-01,"Analyst","47-20",2,2
"240","47-2021.00","Brickmasons and Blockmasons",2,2018-08-01,"Analyst","47-20",2,2
"241","29-1069.11","Sports Medicine Physicians",5,2012-07-01,"Analyst","29-10",5,5
"242","27-2012.03","Program Directors",4,2012-07-01,"Analyst","27-20",3,4
"243","47-5041.00","Continuous Mining Machine Operators",2,2016-07-01,"Analyst","47-50",2,2
"244","13-1199.05","Sustainability Specialists",4,2013-07-01,"Analyst","13-11",4,4
"245","11-9021.00","Construction Managers",4,2013-07-01,"Analyst","11-90",4,4
"246","47-2082.00","Tapers",2,2015-07-01,"Analyst","47-20",2,2
"247","43-4131.00","Loan Interviewers and Clerks",3,2017-07-01,"Analyst","43-41",2,3
"248","39-6012.00","Concierges",3,2012-07-01,"Analyst","39-60",2,3
"249","29-1126.00","Respiratory Therapists",3,2013-07-01,"Analyst","29-11",4,3
"250","17-3024.01","Robotics Technicians",3,2018-08-01,"Analyst","17-30",3,3
"251","27-2041.04","Music Composers and Arrangers",3,2007-06-01,"Analyst","27-20",3,3
"252","29-2051.00","Dietetic Technicians",2,2013-07-01,"Analyst","29-20",3,2
"253","13-2021.01","Assessors",3,2011-07-01,"Analyst","13-20",4,3
"254","47-1011.03","Solar Energy Installation Managers",3,2014-07-01,"Analyst","47-10",3,3
"255","47-2152.02","Plumbers",3,2013-07-01,"Analyst","47-21",2,3
"256","51-3023.00","Slaughterers and Meat Packers",2,2017-07-01,"Analyst","51-30",2,2
"257","47-2041.00","Carpet Installers",2,2011-07-01,"Analyst","47-20",2,2
"258","19-3011.00","Economists",5,2011-07-01,"Analyst","19-30",5,5
"259","53-4011.00","Locomotive Engineers",2,2015-07-01,"Analyst","53-40",2,2
"260","47-4011.00","Construction and Building Inspectors",3,2013-07-01,"Analyst","47-40",2,3
"261","43-2011.00","Switchboard Operators, Including Answering Service",2,2013-07-01,"Analyst","43-20",2,2
"262","49-3011.00","Aircraft Mechanics and Service Technicians",3,2013-07-01,"Analyst","49-30",3,3
"263","13-1081.02","Logistics Analysts",4,2011-07-01,"Analyst","13-10",4,4
"264","29-1181.00","Audiologists",5,2014-07-01,"Analyst","29-11",4,5
"265","43-4111.00","Interviewers, Except Eligibility and Loan",2,2013-07-01,"Analyst","43-41",2,2
"266","19-2099.01","Remote Sensing Scientists and Technologists",5,2016-07-01,"Analyst","19-20",5,5
"267","51-9198.00","Helpers--Production Workers",2,2015-07-01,"Analyst","51-91",2,2
"268","51-3092.00","Food Batchmakers",2,2011-07-01,"Analyst","51-30",2,2
"269","47-2141.00","Painters, Construction and Maintenance",2,2014-07-01,"Analyst","47-21",2,2
"270","13-1011.00","Agents and Business Managers of Artists, Performers, and Athletes",4,2007-06-01,"Analyst","13-10",4,4
"271","29-1071.01","Anesthesiologist Assistants",5,2012-07-01,"Analyst","29-10",5,5
"272","47-2022.00","Stonemasons",3,2005-12-01,"Analyst","47-20",2,3
"273","51-4012.00","Computer Numerically Controlled Machine Tool Programmers, Metal and Plastic",3,2016-07-01,"Analyst","51-40",2,3
"274","13-1021.00","Buyers and Purchasing Agents, Farm Products",4,2013-07-01,"Analyst","13-10",4,4
"275","43-6012.00","Legal Secretaries",3,2018-08-01,"Analyst","43-60",3,3
"276","17-3012.01","Electronic Drafters",3,2012-07-01,"Analyst","17-30",3,3
"277","17-2131.00","Materials Engineers",4,2012-07-01,"Analyst","17-21",4,4
"278","27-3091.00","Interpreters and Translators",4,2012-07-01,"Analyst","27-30",4,4
"279","11-9013.02","Farm and Ranch Managers",4,2014-07-01,"Analyst","11-90",4,4
"280","47-2152.01","Pipe Fitters and Steamfitters",3,2014-07-01,"Analyst","47-21",2,3
"281","41-3031.03","Securities and Commodities Traders",4,2015-07-01,"Analyst","41-30",4,4
"282","51-9071.07","Precious Metal Workers",3,2008-06-01,"Analyst","51-90",2,3
"283","51-9192.00","Cleaning, Washing, and Metal Pickling Equipment Operators and Tenders",2,2017-07-01,"Analyst","51-91",2,2
"284","33-3041.00","Parking Enforcement Workers",2,2016-07-01,"Analyst","33-30",3,2
"285","51-6041.00","Shoe and Leather Workers and Repairers",2,2007-06-01,"Analyst","51-60",2,2
"286","51-4031.00","Cutting, Punching, and Press Machine Setters, Operators, and Tenders, Metal and Plastic",2,2015-07-01,"Analyst","51-40",2,2
"287","51-4071.00","Foundry Mold and Coremakers",2,2016-07-01,"Analyst","51-40",2,2
"288","17-3023.03","Electrical Engineering Technicians",3,2014-07-01,"Analyst","17-30",3,3
"289","11-9032.00","Education Administrators, Elementary and Secondary School",5,2018-08-01,"Analyst","11-90",4,5
"290","17-2051.00","Civil Engineers",4,2014-07-01,"Analyst","17-20",4,4
"291","15-1199.05","Geographic Information Systems Technicians",4,2011-07-01,"Analyst","15-11",4,4
"292","43-1011.00","First-Line Supervisors of Office and Administrative Support Workers",3,2015-07-01,"Analyst","43-10",3,3
"293","29-2091.00","Orthotists and Prosthetists",5,2012-07-01,"Analyst","29-20",3,5
"294","53-7011.00","Conveyor Operators and Tenders",1,2017-07-01,"Analyst","53-70",2,1
"295","13-2072.00","Loan Officers",3,2011-07-01,"Analyst","13-20",4,3
"296","29-1122.00","Occupational Therapists",5,2014-07-01,"Analyst","29-11",4,5
"297","33-3031.00","Fish and Game Wardens",4,2014-07-01,"Analyst","33-30",3,4
"298","19-2041.00","Environmental Scientists and Specialists, Including Health",4,2013-07-01,"Analyst","19-20",5,4
"299","13-2099.02","Risk Management Specialists",4,2018-08-01,"Analyst","13-20",4,4
"300","35-3031.00","Waiters and Waitresses",2,2018-08-01,"Analyst","35-30",1,2
"301","19-2041.02","Environmental Restoration Planners",5,2013-07-01,"Analyst","19-20",5,5
"302","39-3092.00","Costume Attendants",2,2016-07-01,"Analyst","39-30",2,2
"303","25-9031.01","Instructional Designers and Technologists",5,2013-07-01,"Analyst","25-90",4,5
"304","47-3013.00","Helpers--Electricians",2,2011-07-01,"Analyst","47-30",2,2
"305","29-2011.01","Cytogenetic Technologists",4,2014-07-01,"Analyst","29-20",3,4
"306","51-2023.00","Electromechanical Equipment Assemblers",2,2017-07-01,"Analyst","51-20",2,2
"307","25-9011.00","Audio-Visual and Multimedia Collections Specialists",4,2010-06-01,"Analyst","25-90",4,4
"308","25-2053.00","Special Education Teachers, Middle School",4,2018-08-01,"Analyst","25-20",4,4
"309","33-2022.00","Forest Fire Inspectors and Prevention Specialists",3,2006-12-01,"Analyst","33-20",3,3
"310","43-9081.00","Proofreaders and Copy Markers",4,2016-07-01,"Analyst","43-90",2,4
"311","17-3031.02","Mapping Technicians",3,2014-07-01,"Analyst","17-30",3,3
"312","25-9031.00","Instructional Coordinators",5,2018-08-01,"Analyst","25-90",4,5
"313","23-2091.00","Court Reporters",3,2011-07-01,"Analyst","23-20",3,3
"314","21-1023.00","Mental Health and Substance Abuse Social Workers",5,2013-07-01,"Analyst","21-10",5,5
"315","13-1041.01","Environmental Compliance Inspectors",4,2014-07-01,"Analyst","13-10",4,4
"316","53-7064.00","Packers and Packagers, Hand",2,2011-07-01,"Analyst","53-70",2,2
"317","43-5053.00","Postal Service Mail Sorters, Processors, and Processing Machine Operators",2,2016-07-01,"Analyst","43-50",2,2
"318","51-8093.00","Petroleum Pump System Operators, Refinery Operators, and Gaugers",2,2007-06-01,"Analyst","51-80",3,2
"319","51-5112.00","Printing Press Operators",3,2012-07-01,"Analyst","51-51",3,3
"320","47-4021.00","Elevator Installers and Repairers",3,2006-12-01,"Analyst","47-40",2,3
"321","27-4031.00","Camera Operators, Television, Video, and Motion Picture",3,2010-06-01,"Analyst","27-40",3,3
"322","53-2011.00","Airline Pilots, Copilots, and Flight Engineers",4,2012-07-01,"Analyst","53-20",3,4
"323","39-3021.00","Motion Picture Projectionists",2,2005-12-01,"Analyst","39-30",2,2
"324","49-9095.00","Manufactured Building and Mobile Home Installers",2,2007-06-01,"Analyst","49-90",2,2
"325","39-3091.00","Amusement and Recreation Attendants",1,2011-07-01,"Analyst","39-30",2,1
"326","47-2181.00","Roofers",2,2015-07-01,"Analyst","47-21",2,2
"327","39-1011.00","Gaming Supervisors",2,2014-07-01,"Analyst","39-10",2,2
"328","25-1126.00","Philosophy and Religion Teachers, Postsecondary",5,2011-07-01,"Analyst","25-11",5,5
"329","15-1199.07","Data Warehousing Specialists",4,2018-08-01,"Analyst","15-11",4,4
"330","53-7081.00","Refuse and Recyclable Material Collectors",2,2012-07-01,"Analyst","53-70",2,2
"331","25-1011.00","Business Teachers, Postsecondary",5,2011-07-01,"Analyst","25-10",5,5
"332","19-3091.02","Archeologists",5,2012-07-01,"Analyst","19-30",5,5
"333","29-2035.00","Magnetic Resonance Imaging Technologists",3,2017-07-01,"Analyst","29-20",3,3
"334","17-1022.01","Geodetic Surveyors",4,2016-07-01,"Analyst","17-10",4,4
"335","11-3071.03","Logistics Managers",4,2017-07-01,"Analyst","11-30",4,4
"336","49-9071.00","Maintenance and Repair Workers, General",3,2014-07-01,"Analyst","49-90",2,3
"337","17-2112.01","Human Factors Engineers and Ergonomists",5,2012-07-01,"Analyst","17-21",4,5
"338","43-4011.00","Brokerage Clerks",3,2014-07-01,"Analyst","43-40",2,3
"339","17-2199.10","Wind Energy Engineers",4,2012-07-01,"Analyst","17-21",4,4
"340","29-1061.00","Anesthesiologists",5,2012-07-01,"Analyst","29-10",5,5
"341","11-3071.01","Transportation Managers",4,2014-07-01,"Analyst","11-30",4,4
"342","39-1021.01","Spa Managers",3,2012-07-01,"Analyst","39-10",2,3
"343","11-9081.00","Lodging Managers",4,2017-07-01,"Analyst","11-90",4,4
"344","43-3041.00","Gaming Cage Workers",2,2014-07-01,"Analyst","43-30",2,2
"345","25-2054.00","Special Education Teachers, Secondary School",4,2018-08-01,"Analyst","25-20",4,4
"346","43-4121.00","Library Assistants, Clerical",2,2018-08-01,"Analyst","43-41",2,2
"347","11-9199.08","Loss Prevention Managers",4,2012-07-01,"Analyst","11-91",4,4
"348","45-1011.08","First-Line Supervisors of Animal Husbandry and Animal Care Workers",3,2017-07-01,"Analyst","45-10",3,3
"349","19-2011.00","Astronomers",5,2011-07-01,"Analyst","19-20",5,5
"350","39-9011.01","Nannies",2,2018-08-01,"Analyst","39-90",3,2
"351","13-1081.00","Logisticians",4,2016-07-01,"Analyst","13-10",4,4
"352","53-3021.00","Bus Drivers, Transit and Intercity",2,2018-08-01,"Analyst","53-30",2,2
"353","53-3031.00","Driver/Sales Workers",2,2012-07-01,"Analyst","53-30",2,2
"354","49-2022.00","Telecommunications Equipment Installers and Repairers, Except Line Installers",3,2017-07-01,"Analyst","49-20",3,3
"355","29-1064.00","Obstetricians and Gynecologists",5,2011-07-01,"Analyst","29-10",5,5
"356","53-7072.00","Pump Operators, Except Wellhead Pumpers",2,2007-06-01,"Analyst","53-70",2,2
"357","25-2052.00","Special Education Teachers, Kindergarten and Elementary School",4,2015-07-01,"Analyst","25-20",4,4
"358","33-9031.00","Gaming Surveillance Officers and Gaming Investigators",2,2011-07-01,"Analyst","33-90",2,2
"359","43-4021.00","Correspondence Clerks",2,2016-07-01,"Analyst","43-40",2,2
"360","43-5051.00","Postal Service Clerks",2,2016-07-01,"Analyst","43-50",2,2
"361","37-2012.00","Maids and Housekeeping Cleaners",2,2012-07-01,"Analyst","37-20",2,2
"362","51-9011.00","Chemical Equipment Operators and Tenders",2,2015-07-01,"Analyst","51-90",2,2
"363","51-9195.05","Potters, Manufacturing",3,2008-06-01,"Analyst","51-91",2,3
"364","13-1032.00","Insurance Appraisers, Auto Damage",3,2016-07-01,"Analyst","13-10",4,3
"365","43-4171.00","Receptionists and Information Clerks",2,2014-07-01,"Analyst","43-41",2,2
"366","43-4081.00","Hotel, Motel, and Resort Desk Clerks",2,2017-07-01,"Analyst","43-40",2,2
"367","23-1021.00","Administrative Law Judges, Adjudicators, and Hearing Officers",5,2011-07-01,"Analyst","23-10",5,5
"368","33-2021.01","Fire Inspectors",3,2017-07-01,"Analyst","33-20",3,3
"369","17-2171.00","Petroleum Engineers",4,2010-06-01,"Analyst","17-21",4,4
"370","13-2099.04","Fraud Examiners, Investigators and Analysts",4,2017-07-01,"Analyst","13-20",4,4
"371","47-2073.00","Operating Engineers and Other Construction Equipment Operators",2,2012-07-01,"Analyst","47-20",2,2
"372","43-6011.00","Executive Secretaries and Executive Administrative Assistants",3,2017-07-01,"Analyst","43-60",3,3
"373","49-3052.00","Motorcycle Mechanics",3,2014-07-01,"Analyst","49-30",3,3
"374","35-1012.00","First-Line Supervisors of Food Preparation and Serving Workers",2,2017-07-01,"Analyst","35-10",2,2
"375","51-6062.00","Textile Cutting Machine Setters, Operators, and Tenders",2,2007-06-01,"Analyst","51-60",2,2
"376","13-1131.00","Fundraisers",4,2014-07-01,"Analyst","13-11",4,4
"377","25-1081.00","Education Teachers, Postsecondary",5,2011-07-01,"Analyst","25-10",5,5
"378","17-2199.01","Biochemical Engineers",4,2016-07-01,"Analyst","17-21",4,4
"379","47-4099.03","Weatherization Installers and Technicians",2,2012-07-01,"Analyst","47-40",2,2
"380","43-4031.02","Municipal Clerks",3,2014-07-01,"Analyst","43-40",2,3
"381","19-4011.02","Food Science Technicians",3,2013-07-01,"Analyst","19-40",4,3
"382","45-1011.06","First-Line Supervisors of Aquacultural Workers",4,2008-06-01,"Analyst","45-10",3,4
"383","37-1011.00","First-Line Supervisors of Housekeeping and Janitorial Workers",2,2011-07-01,"Analyst","37-10",2,2
"384","51-9031.00","Cutters and Trimmers, Hand",2,2007-06-01,"Analyst","51-90",2,2
"385","11-9039.02","Fitness and Wellness Coordinators",4,2015-07-01,"Analyst","11-90",4,4
"386","51-4062.00","Patternmakers, Metal and Plastic",3,2017-07-01,"Analyst","51-40",2,3
"387","27-1012.00","Craft Artists",3,2016-07-01,"Analyst","27-10",4,3
"388","39-2011.00","Animal Trainers",2,2014-07-01,"Analyst","39-20",2,2
"389","17-2141.01","Fuel Cell Engineers",5,2014-07-01,"Analyst","17-21",4,5
"390","29-1161.00","Nurse Midwives",5,2014-07-01,"Analyst","29-11",4,5
"391","15-1199.10","Search Marketing Strategists",4,2014-07-01,"Analyst","15-11",4,4
"392","49-9061.00","Camera and Photographic Equipment Repairers",3,2015-07-01,"Analyst","49-90",2,3
"393","29-2034.00","Radiologic Technologists",3,2013-07-01,"Analyst","29-20",3,3
"394","51-7011.00","Cabinetmakers and Bench Carpenters",2,2015-07-01,"Analyst","51-70",2,2
"395","49-2094.00","Electrical and Electronics Repairers, Commercial and Industrial Equipment",3,2014-07-01,"Analyst","49-20",3,3
"396","35-2012.00","Cooks, Institution and Cafeteria",2,2012-07-01,"Analyst","35-20",2,2
"397","47-2071.00","Paving, Surfacing, and Tamping Equipment Operators",2,2011-07-01,"Analyst","47-20",2,2
"398","17-2199.06","Microsystems Engineers",5,2016-07-01,"Analyst","17-21",4,5
"399","49-2093.00","Electrical and Electronics Installers and Repairers, Transportation Equipment",3,2006-12-01,"Analyst","49-20",3,3
"400","29-2052.00","Pharmacy Technicians",3,2013-07-01,"Analyst","29-20",3,3
"401","11-9041.00","Architectural and Engineering Managers",5,2012-07-01,"Analyst","11-90",4,5
"402","51-2092.00","Team Assemblers",2,2011-07-01,"Analyst","51-20",2,2
"403","11-9121.01","Clinical Research Coordinators",4,2011-07-01,"Analyst","11-91",4,4
"404","43-3031.00","Bookkeeping, Accounting, and Auditing Clerks",3,2017-07-01,"Analyst","43-30",2,3
"405","11-9121.02","Water Resource Specialists",4,2012-07-01,"Analyst","11-91",4,4
"406","51-9195.03","Stone Cutters and Carvers, Manufacturing",2,2015-07-01,"Analyst","51-91",2,2
"407","47-4099.02","Solar Thermal Installers and Technicians",3,2015-07-01,"Analyst","47-40",2,3
"408","47-5051.00","Rock Splitters, Quarry",1,2008-06-01,"Analyst","47-50",2,1
"409","27-1021.00","Commercial and Industrial Designers",4,2010-06-01,"Analyst","27-10",4,4
"410","49-9094.00","Locksmiths and Safe Repairers",2,2010-06-01,"Analyst","49-90",2,2
"411","39-5093.00","Shampooers",2,2008-06-01,"Analyst","39-50",3,2
"412","53-1021.01","Recycling Coordinators",2,2014-07-01,"Analyst","53-10",2,2
"413","19-3051.00","Urban and Regional Planners",5,2014-07-01,"Analyst","19-30",5,5
"414","51-5113.00","Print Binding and Finishing Workers",2,2015-07-01,"Analyst","51-51",3,2
"415","13-1041.06","Coroners",3,2012-07-01,"Analyst","13-10",4,3
"416","25-1193.00","Recreation and Fitness Studies Teachers, Postsecondary",5,2011-07-01,"Analyst","25-11",5,5
"417","13-2099.01","Financial Quantitative Analysts",5,2017-07-01,"Analyst","13-20",4,5
"418","39-5094.00","Skincare Specialists",3,2012-07-01,"Analyst","39-50",3,3
"419","51-4111.00","Tool and Die Makers",3,2012-07-01,"Analyst","51-41",2,3
"420","49-9031.00","Home Appliance Repairers",2,2018-08-01,"Analyst","49-90",2,2
"421","25-3021.00","Self-Enrichment Education Teachers",3,2011-07-01,"Analyst","25-30",4,3
"422","51-4011.00","Computer-Controlled Machine Tool Operators, Metal and Plastic",3,2013-07-01,"Analyst","51-40",2,3
"423","47-3016.00","Helpers--Roofers",2,2008-06-01,"Analyst","47-30",2,2
"424","31-2021.00","Physical Therapist Assistants",3,2013-07-01,"Analyst","31-20",3,3
"425","41-9021.00","Real Estate Brokers",4,2015-07-01,"Analyst","41-90",2,4
"426","29-1151.00","Nurse Anesthetists",5,2014-07-01,"Analyst","29-11",4,5
"427","47-5031.00","Explosives Workers, Ordnance Handling Experts, and Blasters",2,2006-06-01,"Analyst","47-50",2,2
"428","25-1054.00","Physics Teachers, Postsecondary",5,2011-07-01,"Analyst","25-10",5,5
"429","17-2031.00","Biomedical Engineers",4,2017-07-01,"Analyst","17-20",4,4
"430","49-3093.00","Tire Repairers and Changers",2,2014-07-01,"Analyst","49-30",3,2
"431","49-3031.00","Bus and Truck Mechanics and Diesel Engine Specialists",3,2013-07-01,"Analyst","49-30",3,3
"432","19-4031.00","Chemical Technicians",3,2014-07-01,"Analyst","19-40",4,3
"433","49-3043.00","Rail Car Repairers",2,2006-06-01,"Analyst","49-30",3,2
"434","53-3032.00","Heavy and Tractor-Trailer Truck Drivers",2,2014-07-01,"Analyst","53-30",2,2
"435","49-3023.01","Automotive Master Mechanics",3,2018-08-01,"Analyst","49-30",3,3
"436","47-5042.00","Mine Cutting and Channeling Machine Operators",2,2005-07-01,"Analyst","47-50",2,2
"437","53-7061.00","Cleaners of Vehicles and Equipment",2,2013-07-01,"Analyst","53-70",2,2
"438","53-7021.00","Crane and Tower Operators",3,2015-07-01,"Analyst","53-70",2,3
"439","29-1122.01","Low Vision Therapists, Orientation and Mobility Specialists, and Vision Rehabilitation Therapists",5,2014-07-01,"Analyst","29-11",4,5
"440","17-2072.00","Electronics Engineers, Except Computer",4,2014-07-01,"Analyst","17-20",4,4
"441","49-9021.02","Refrigeration Mechanics and Installers",3,2010-06-01,"Analyst","49-90",2,3
"442","29-2053.00","Psychiatric Technicians",3,2014-07-01,"Analyst","29-20",3,3
"443","19-3099.01","Transportation Planners",4,2017-07-01,"Analyst","19-30",5,4
"444","51-9195.07","Molding and Casting Workers",2,2015-07-01,"Analyst","51-91",2,2
"445","29-2081.00","Opticians, Dispensing",3,2015-07-01,"Analyst","29-20",3,3
"446","25-1067.00","Sociology Teachers, Postsecondary",5,2011-07-01,"Analyst","25-10",5,5
"447","15-1134.00","Web Developers",3,2017-07-01,"Analyst","15-11",4,3
"448","27-1027.00","Set and Exhibit Designers",5,2014-07-01,"Analyst","27-10",4,5
"449","25-1052.00","Chemistry Teachers, Postsecondary",5,2011-07-01,"Analyst","25-10",5,5
"450","53-7062.00","Laborers and Freight, Stock, and Material Movers, Hand",2,2013-07-01,"Analyst","53-70",2,2
"451","41-2012.00","Gaming Change Persons and Booth Cashiers",2,2011-07-01,"Analyst","41-20",2,2
"452","27-4032.00","Film and Video Editors",3,2010-06-01,"Analyst","27-40",3,3
"453","51-2011.00","Aircraft Structure, Surfaces, Rigging, and Systems Assemblers",2,2015-07-01,"Analyst","51-20",2,2
"454","13-1031.02","Insurance Adjusters, Examiners, and Investigators",3,2009-06-01,"Analyst","13-10",4,3
"455","17-3021.00","Aerospace Engineering and Operations Technicians",4,2006-12-01,"Analyst","17-30",3,4
"456","43-5071.00","Shipping, Receiving, and Traffic Clerks",2,2012-07-01,"Analyst","43-50",2,2
"457","53-6021.00","Parking Lot Attendants",2,2015-07-01,"Analyst","53-60",2,2
"458","39-9041.00","Residential Advisors",3,2011-07-01,"Analyst","39-90",3,3
"459","15-1199.04","Geospatial Information Scientists and Technologists",4,2016-07-01,"Analyst","15-11",4,4
"460","21-1013.00","Marriage and Family Therapists",5,2012-07-01,"Analyst","21-10",5,5
"461","17-3031.01","Surveying Technicians",3,2017-07-01,"Analyst","17-30",3,3
"462","17-2199.11","Solar Energy Systems Engineers",4,2015-07-01,"Analyst","17-21",4,4
"463","29-1141.04","Clinical Nurse Specialists",5,2013-07-01,"Analyst","29-11",4,5
"464","29-1063.00","Internists, General",5,2012-07-01,"Analyst","29-10",5,5
"465","43-9022.00","Word Processors and Typists",2,2017-07-01,"Analyst","43-90",2,2
"466","13-1051.00","Cost Estimators",4,2016-07-01,"Analyst","13-10",4,4
"467","25-4013.00","Museum Technicians and Conservators",4,2018-08-01,"Analyst","25-40",4,4
"468","35-1011.00","Chefs and Head Cooks",3,2013-07-01,"Analyst","35-10",2,3
"469","23-2011.00","Paralegals and Legal Assistants",3,2018-08-01,"Analyst","23-20",3,3
"470","13-1041.02","Licensing Examiners and Inspectors",3,2015-07-01,"Analyst","13-10",4,3
"471","29-1069.01","Allergists and Immunologists",5,2012-07-01,"Analyst","29-10",5,5
"472","11-3131.00","Training and Development Managers",4,2017-07-01,"Analyst","11-31",4,4
"473","21-2021.00","Directors, Religious Activities and Education",4,2015-07-01,"Analyst","21-20",4,4
"474","51-4022.00","Forging Machine Setters, Operators, and Tenders, Metal and Plastic",2,2016-07-01,"Analyst","51-40",2,2
"475","53-3022.00","Bus Drivers, School or Special Client",2,2011-07-01,"Analyst","53-30",2,2
"476","43-4041.02","Credit Checkers",2,2005-12-01,"Analyst","43-40",2,2
"477","49-9044.00","Millwrights",2,2018-08-01,"Analyst","49-90",2,2
"478","51-9141.00","Semiconductor Processors",2,2006-12-01,"Analyst","51-91",2,2
"479","39-5091.00","Makeup Artists, Theatrical and Performance",3,2018-08-01,"Analyst","39-50",3,3
"480","15-1199.06","Database Architects",4,2015-07-01,"Analyst","15-11",4,4
"481","11-9199.03","Investment Fund Managers",5,2014-07-01,"Analyst","11-91",4,5
"482","45-2011.00","Agricultural Inspectors",2,2013-07-01,"Analyst","45-20",2,2
"483","17-1011.00","Architects, Except Landscape and Naval",4,2014-07-01,"Analyst","17-10",4,4
"484","13-1151.00","Training and Development Specialists",4,2014-07-01,"Analyst","13-11",4,4
"485","29-2012.00","Medical and Clinical Laboratory Technicians",3,2014-07-01,"Analyst","29-20",3,3
"486","25-1112.00","Law Teachers, Postsecondary",5,2011-07-01,"Analyst","25-11",5,5
"487","33-3021.05","Immigration and Customs Inspectors",3,2012-07-01,"Analyst","33-30",3,3
"488","43-5081.01","Stock Clerks, Sales Floor",2,2015-07-01,"Analyst","43-50",2,2
"489","31-9099.02","Endoscopy Technicians",3,2016-07-01,"Analyst","31-90",3,3
"490","15-1199.02","Computer Systems Engineers/Architects",4,2018-08-01,"Analyst","15-11",4,4
"491","23-1022.00","Arbitrators, Mediators, and Conciliators",5,2012-07-01,"Analyst","23-10",5,5
"492","51-8099.03","Biomass Plant Technicians",2,2012-07-01,"Analyst","51-80",3,2
"493","27-2012.04","Talent Directors",4,2006-12-01,"Analyst","27-20",3,4
"494","25-1053.00","Environmental Science Teachers, Postsecondary",5,2011-07-01,"Analyst","25-10",5,5
"495","43-9061.00","Office Clerks, General",2,2018-08-01,"Analyst","43-90",2,2
"496","29-1069.07","Pathologists",5,2011-07-01,"Analyst","29-10",5,5
"497","49-9012.00","Control and Valve Installers and Repairers, Except Mechanical Door",3,2017-07-01,"Analyst","49-90",2,3
"498","53-1011.00","Aircraft Cargo Handling Supervisors",2,2016-07-01,"Analyst","53-10",2,2
"499","17-3029.05","Industrial Engineering Technologists",4,2012-07-01,"Analyst","17-30",3,4
"500","45-2092.02","Farmworkers and Laborers, Crop",1,2007-06-01,"Analyst","45-20",2,1
"501","25-2022.00","Middle School Teachers, Except Special and Career/Technical Education",4,2018-08-01,"Analyst","25-20",4,4
"502","25-1122.00","Communications Teachers, Postsecondary",5,2011-07-01,"Analyst","25-11",5,5
"503","25-1125.00","History Teachers, Postsecondary",5,2011-07-01,"Analyst","25-11",5,5
"504","15-1199.12","Document Management Specialists",4,2013-07-01,"Analyst","15-11",4,4
"505","27-2042.02","Musicians, Instrumental",4,2016-07-01,"Analyst","27-20",3,4
"506","19-1031.01","Soil and Water Conservationists",4,2011-07-01,"Analyst","19-10",5,4
"507","19-2043.00","Hydrologists",5,2018-08-01,"Analyst","19-20",5,5
"508","51-9123.00","Painting, Coating, and Decorating Workers",2,2006-12-01,"Analyst","51-91",2,2
"509","41-9012.00","Models",1,2007-06-01,"Analyst","41-90",2,1
"510","29-2099.06","Radiologic Technicians",3,2013-07-01,"Analyst","29-20",3,3
"511","49-3053.00","Outdoor Power Equipment and Other Small Engine Mechanics",2,2018-08-01,"Analyst","49-30",3,2
"512","19-1012.00","Food Scientists and Technologists",4,2010-06-01,"Analyst","19-10",5,4
"513","51-4194.00","Tool Grinders, Filers, and Sharpeners",2,2016-07-01,"Analyst","51-41",2,2
"514","45-4023.00","Log Graders and Scalers",2,2017-07-01,"Analyst","45-40",2,2
"515","53-4031.00","Railroad Conductors and Yardmasters",2,2013-07-01,"Analyst","53-40",2,2
"516","47-2221.00","Structural Iron and Steel Workers",2,2015-07-01,"Analyst","47-22",2,2
"517","29-1141.03","Critical Care Nurses",3,2014-07-01,"Analyst","29-11",4,3
"518","53-7041.00","Hoist and Winch Operators",2,2004-12-01,"Analyst","53-70",2,2
"519","51-4041.00","Machinists",3,2012-07-01,"Analyst","51-40",2,3
"520","17-2161.00","Nuclear Engineers",4,2017-07-01,"Analyst","17-21",4,4
"521","27-2012.01","Producers",4,2011-07-01,"Analyst","27-20",3,4
"522","43-9021.00","Data Entry Keyers",2,2018-08-01,"Analyst","43-90",2,2
"523","25-1194.00","Vocational Education Teachers, Postsecondary",3,2011-07-01,"Analyst","25-11",5,3
"524","29-1069.10","Radiologists",5,2012-07-01,"Analyst","29-10",5,5
"525","27-2021.00","Athletes and Sports Competitors",2,2016-07-01,"Analyst","27-20",3,2
"526","15-1199.08","Business Intelligence Analysts",4,2012-07-01,"Analyst","15-11",4,4
"527","17-2081.00","Environmental Engineers",5,2012-07-01,"Analyst","17-20",4,5
"528","39-9032.00","Recreation Workers",4,2017-07-01,"Analyst","39-90",3,4
"529","19-3011.01","Environmental Economists",5,2012-07-01,"Analyst","19-30",5,5
"530","51-4081.00","Multiple Machine Tool Setters, Operators, and Tenders, Metal and Plastic",2,2013-07-01,"Analyst","51-40",2,2
"531","19-1031.03","Park Naturalists",4,2016-07-01,"Analyst","19-10",5,4
"532","11-9041.01","Biofuels/Biodiesel Technology and Product Development Managers",4,2014-07-01,"Analyst","11-90",4,4
"533","29-2041.00","Emergency Medical Technicians and Paramedics",3,2013-07-01,"Analyst","29-20",3,3
"534","49-3092.00","Recreational Vehicle Service Technicians",2,2015-07-01,"Analyst","49-30",3,2
"535","25-1065.00","Political Science Teachers, Postsecondary",5,2011-07-01,"Analyst","25-10",5,5
"536","47-3011.00","Helpers--Brickmasons, Blockmasons, Stonemasons, and Tile and Marble Setters",2,2013-07-01,"Analyst","47-30",2,2
"537","39-4011.00","Embalmers",3,2012-07-01,"Analyst","39-40",3,3
"538","21-1092.00","Probation Officers and Correctional Treatment Specialists",4,2011-07-01,"Analyst","21-10",5,4
"539","47-2011.00","Boilermakers",3,2015-07-01,"Analyst","47-20",2,3
"540","41-9041.00","Telemarketers",2,2004-12-01,"Analyst","41-90",2,2
"541","15-1199.03","Web Administrators",4,2018-08-01,"Analyst","15-11",4,4
"542","47-2031.01","Construction Carpenters",2,2014-07-01,"Analyst","47-20",2,2
"543","29-1199.04","Naturopathic Physicians",5,2013-07-01,"Analyst","29-11",4,5
"544","27-4013.00","Radio Operators",3,2008-06-01,"Analyst","27-40",3,3
"545","33-1021.01","Municipal Fire Fighting and Prevention Supervisors",3,2017-07-01,"Analyst","33-10",3,3
"546","47-5021.00","Earth Drillers, Except Oil and Gas",2,2017-07-01,"Analyst","47-50",2,2
"547","15-1151.00","Computer User Support Specialists",3,2017-07-01,"Analyst","15-11",4,3
"548","41-2022.00","Parts Salespersons",2,2015-07-01,"Analyst","41-20",2,2
"549","43-3051.00","Payroll and Timekeeping Clerks",2,2016-07-01,"Analyst","43-30",2,2
"550","53-2021.00","Air Traffic Controllers",3,2014-07-01,"Analyst","53-20",3,3
"551","49-9092.00","Commercial Divers",3,2015-07-01,"Analyst","49-90",2,3
"552","29-1199.01","Acupuncturists",5,2011-07-01,"Analyst","29-11",4,5
"553","51-9194.00","Etchers and Engravers",2,2017-07-01,"Analyst","51-91",2,2
"554","47-2051.00","Cement Masons and Concrete Finishers",1,2018-08-01,"Analyst","47-20",2,1
"555","47-5012.00","Rotary Drill Operators, Oil and Gas",2,2005-12-01,"Analyst","47-50",2,2
"556","49-2091.00","Avionics Technicians",3,2015-07-01,"Analyst","49-20",3,3
"557","17-3029.03","Electromechanical Engineering Technologists",4,2012-07-01,"Analyst","17-30",3,4
"558","51-9196.00","Paper Goods Machine Setters, Operators, and Tenders",2,2018-08-01,"Analyst","51-91",2,2
"559","53-3011.00","Ambulance Drivers and Attendants, Except Emergency Medical Technicians",2,2017-07-01,"Analyst","53-30",2,2
"560","41-3031.01","Sales Agents, Securities and Commodities",4,2015-07-01,"Analyst","41-30",4,4
"561","47-3015.00","Helpers--Pipelayers, Plumbers, Pipefitters, and Steamfitters",2,2011-07-01,"Analyst","47-30",2,2
"562","23-2093.00","Title Examiners, Abstractors, and Searchers",2,2017-07-01,"Analyst","23-20",3,2
"563","47-3014.00","Helpers--Painters, Paperhangers, Plasterers, and Stucco Masons",1,2007-06-01,"Analyst","47-30",2,1
"564","27-2031.00","Dancers",3,2005-12-01,"Analyst","27-20",3,3
"565","19-4093.00","Forest and Conservation Technicians",3,2018-08-01,"Analyst","19-40",4,3
"566","41-3031.02","Sales Agents, Financial Services",3,2013-07-01,"Analyst","41-30",4,3
"567","13-1074.00","Farm Labor Contractors",2,2008-06-01,"Analyst","13-10",4,2
"568","11-9013.03","Aquacultural Managers",4,2016-07-01,"Analyst","11-90",4,4
"569","11-9071.00","Gaming Managers",3,2014-07-01,"Analyst","11-90",4,3
"570","33-1021.02","Forest Fire Fighting and Prevention Supervisors",3,2014-07-01,"Analyst","33-10",3,3
"571","29-1125.01","Art Therapists",5,2014-07-01,"Analyst","29-11",4,5
"572","51-3022.00","Meat, Poultry, and Fish Cutters and Trimmers",1,2017-07-01,"Analyst","51-30",2,1
"573","41-3041.00","Travel Agents",3,2016-07-01,"Analyst","41-30",4,3
"574","19-2041.01","Climate Change Analysts",5,2013-07-01,"Analyst","19-20",5,5
"575","11-3051.04","Biomass Power Plant Managers",4,2012-07-01,"Analyst","11-30",4,4
"576","49-9041.00","Industrial Machinery Mechanics",3,2013-07-01,"Analyst","49-90",2,3
"577","53-7073.00","Wellhead Pumpers",2,2004-12-01,"Analyst","53-70",2,2
"578","13-2071.00","Credit Counselors",4,2013-07-01,"Analyst","13-20",4,4
"579","47-2111.00","Electricians",3,2013-07-01,"Analyst","47-21",2,3
"580","25-1111.00","Criminal Justice and Law Enforcement Teachers, Postsecondary",5,2011-07-01,"Analyst","25-11",5,5
"581","51-6092.00","Fabric and Apparel Patternmakers",3,2016-07-01,"Analyst","51-60",2,3
"582","49-3091.00","Bicycle Repairers",2,2016-07-01,"Analyst","49-30",3,2
"583","29-1124.00","Radiation Therapists",3,2013-07-01,"Analyst","29-11",4,3
"584","25-1062.00","Area, Ethnic, and Cultural Studies Teachers, Postsecondary",5,2011-07-01,"Analyst","25-10",5,5
"585","25-1123.00","English Language and Literature Teachers, Postsecondary",5,2011-07-01,"Analyst","25-11",5,5
"586","47-2043.00","Floor Sanders and Finishers",2,2008-06-01,"Analyst","47-20",2,2
"587","43-5011.01","Freight Forwarders",2,2014-07-01,"Analyst","43-50",2,2
"588","33-2011.01","Municipal Firefighters",3,2017-07-01,"Analyst","33-20",3,3
"589","17-3029.04","Electronics Engineering Technologists",3,2018-08-01,"Analyst","17-30",3,3
"590","15-1143.01","Telecommunications Engineering Specialists",3,2013-07-01,"Analyst","15-11",4,3
"591","11-9199.11","Brownfield Redevelopment Specialists and Site Managers",4,2013-07-01,"Analyst","11-91",4,4
"592","29-1069.06","Ophthalmologists",5,2012-07-01,"Analyst","29-10",5,5
"593","51-9012.00","Separating, Filtering, Clarifying, Precipitating, and Still Machine Setters, Operators, and Tenders",2,2015-07-01,"Analyst","51-90",2,2
"594","11-2021.00","Marketing Managers",4,2015-07-01,"Analyst","11-20",4,4
"595","51-7042.00","Woodworking Machine Setters, Operators, and Tenders, Except Sawing",2,2015-07-01,"Analyst","51-70",2,2
"596","19-1029.01","Bioinformatics Scientists",5,2012-07-01,"Analyst","19-10",5,5
"597","21-1022.00","Healthcare Social Workers",5,2014-07-01,"Analyst","21-10",5,5
"598","39-1021.00","First-Line Supervisors of Personal Service Workers",3,2015-07-01,"Analyst","39-10",2,3
"599","33-3011.00","Bailiffs",2,2011-07-01,"Analyst","33-30",3,2
"600","39-5012.00","Hairdressers, Hairstylists, and Cosmetologists",3,2016-07-01,"Analyst","39-50",3,3
"601","51-4035.00","Milling and Planing Machine Setters, Operators, and Tenders, Metal and Plastic",2,2016-07-01,"Analyst","51-40",2,2
"602","25-1191.00","Graduate Teaching Assistants",5,2016-07-01,"Analyst","25-11",5,5
"603","51-4191.00","Heat Treating Equipment Setters, Operators, and Tenders, Metal and Plastic",2,2016-07-01,"Analyst","51-41",2,2
"604","11-2031.00","Public Relations and Fundraising Managers",4,2017-07-01,"Analyst","11-20",4,4
"605","47-2161.00","Plasterers and Stucco Masons",1,2015-07-01,"Analyst","47-21",2,1
"606","19-4099.03","Remote Sensing Technicians",4,2012-07-01,"Analyst","19-40",4,4
"607","17-3029.11","Nanotechnology Engineering Technologists",4,2017-07-01,"Analyst","17-30",3,4
"608","17-2151.00","Mining and Geological Engineers, Including Mining Safety Engineers",4,2018-08-01,"Analyst","17-21",4,4
"609","25-9021.00","Farm and Home Management Advisors",5,2015-07-01,"Analyst","25-90",4,5
"610","43-5032.00","Dispatchers, Except Police, Fire, and Ambulance",2,2013-07-01,"Analyst","43-50",2,2
"611","43-5081.03","Stock Clerks- Stockroom, Warehouse, or Storage Yard",2,2015-07-01,"Analyst","43-50",2,2
"612","31-9096.00","Veterinary Assistants and Laboratory Animal Caretakers",3,2013-07-01,"Analyst","31-90",3,3
"613","17-3012.02","Electrical Drafters",3,2014-07-01,"Analyst","17-30",3,3
"614","19-3041.00","Sociologists",5,2016-07-01,"Analyst","19-30",5,5
"615","47-2042.00","Floor Layers, Except Carpet, Wood, and Hard Tiles",2,2005-12-01,"Analyst","47-20",2,2
"616","15-2041.02","Clinical Data Managers",4,2016-07-01,"Analyst","15-20",5,4
"617","25-1061.00","Anthropology and Archeology Teachers, Postsecondary",5,2011-07-01,"Analyst","25-10",5,5
"618","47-2151.00","Pipelayers",2,2015-07-01,"Analyst","47-21",2,2
"619","41-3021.00","Insurance Sales Agents",4,2018-08-01,"Analyst","41-30",4,4
"620","37-2011.00","Janitors and Cleaners, Except Maids and Housekeeping Cleaners",2,2014-07-01,"Analyst","37-20",2,2
"621","27-2022.00","Coaches and Scouts",4,2011-07-01,"Analyst","27-20",3,4
"622","35-9021.00","Dishwashers",1,2014-07-01,"Analyst","35-90",1,1
"623","19-4091.00","Environmental Science and Protection Technicians, Including Health",4,2016-07-01,"Analyst","19-40",4,4
"624","25-1043.00","Forestry and Conservation Science Teachers, Postsecondary",5,2011-07-01,"Analyst","25-10",5,5
"625","43-4181.00","Reservation and Transportation Ticket Agents and Travel Clerks",2,2013-07-01,"Analyst","43-41",2,2
"626","33-3051.03","Sheriffs and Deputy Sheriffs",3,2012-07-01,"Analyst","33-30",3,3
"627","17-2199.05","Mechatronics Engineers",4,2012-07-01,"Analyst","17-21",4,4
"628","17-1012.00","Landscape Architects",4,2013-07-01,"Analyst","17-10",4,4
"629","11-1031.00","Legislators",4,2008-06-01,"Analyst","11-10",4,4
"630","33-9091.00","Crossing Guards",2,2016-07-01,"Analyst","33-90",2,2
"631","29-1069.02","Dermatologists",5,2012-07-01,"Analyst","29-10",5,5
"632","19-3093.00","Historians",5,2015-07-01,"Analyst","19-30",5,5
"633","15-1199.11","Video Game Designers",4,2012-07-01,"Analyst","15-11",4,4
"634","51-9081.00","Dental Laboratory Technicians",2,2014-07-01,"Analyst","51-90",2,2
"635","17-2072.01","Radio Frequency Identification Device Specialists",4,2015-07-01,"Analyst","17-20",4,4
"636","11-9013.01","Nursery and Greenhouse Managers",3,2007-06-01,"Analyst","11-90",4,3
"637","43-5011.00","Cargo and Freight Agents",2,2012-07-01,"Analyst","43-50",2,2
"638","13-2021.02","Appraisers, Real Estate",4,2014-07-01,"Analyst","13-20",4,4
"639","19-3031.03","Counseling Psychologists",5,2012-07-01,"Analyst","19-30",5,5
"640","13-1041.04","Government Property Inspectors and Investigators",3,2016-07-01,"Analyst","13-10",4,3
"641","17-2121.01","Marine Engineers",4,2016-07-01,"Analyst","17-21",4,4
"642","51-6061.00","Textile Bleaching and Dyeing Machine Operators and Tenders",2,2007-06-01,"Analyst","51-60",2,2
"643","47-5071.00","Roustabouts, Oil and Gas",1,2011-07-01,"Analyst","47-50",2,1
"644","27-3031.00","Public Relations Specialists",4,2014-07-01,"Analyst","27-30",4,4
"645","39-5011.00","Barbers",3,2018-08-01,"Analyst","39-50",3,3
"646","53-4021.00","Railroad Brake, Signal, and Switch Operators",2,2007-06-01,"Analyst","53-40",2,2
"647","37-3013.00","Tree Trimmers and Pruners",2,2018-08-01,"Analyst","37-30",2,2
"648","27-1013.00","Fine Artists, Including Painters, Sculptors, and Illustrators",3,2017-07-01,"Analyst","27-10",4,3
"649","43-4071.00","File Clerks",2,2014-07-01,"Analyst","43-40",2,2
"650","49-1011.00","First-Line Supervisors of Mechanics, Installers, and Repairers",3,2013-07-01,"Analyst","49-10",3,3
"651","29-9091.00","Athletic Trainers",5,2014-07-01,"Analyst","29-90",4,5
"652","47-2061.00","Construction Laborers",2,2012-07-01,"Analyst","47-20",2,2
"653","49-2095.00","Electrical and Electronics Repairers, Powerhouse, Substation, and Relay",3,2017-07-01,"Analyst","49-20",3,3
"654","53-6051.01","Aviation Inspectors",3,2013-07-01,"Analyst","53-60",2,3
"655","51-3091.00","Food and Tobacco Roasting, Baking, and Drying Machine Operators and Tenders",2,2017-07-01,"Analyst","51-30",2,2
"656","13-1199.02","Security Management Specialists",4,2013-07-01,"Analyst","13-11",4,4
"657","11-3051.00","Industrial Production Managers",4,2013-07-01,"Analyst","11-30",4,4
"658","29-1141.01","Acute Care Nurses",3,2014-07-01,"Analyst","29-11",4,3
"659","11-9141.00","Property, Real Estate, and Community Association Managers",4,2013-07-01,"Analyst","11-91",4,4
"660","49-9052.00","Telecommunications Line Installers and Repairers",2,2015-07-01,"Analyst","49-90",2,2
"661","17-2011.00","Aerospace Engineers",4,2015-07-01,"Analyst","17-20",4,4
"662","41-4012.00","Sales Representatives, Wholesale and Manufacturing, Except Technical and Scientific Products",4,2012-07-01,"Analyst","41-40",4,4
"663","51-9071.01","Jewelers",3,2008-06-01,"Analyst","51-90",2,3
"664","51-6042.00","Shoe Machine Operators and Tenders",2,2007-06-01,"Analyst","51-60",2,2
"665","29-1171.00","Nurse Practitioners",5,2014-07-01,"Analyst","29-11",4,5
"666","51-9083.00","Ophthalmic Laboratory Technicians",2,2015-07-01,"Analyst","51-90",2,2
"667","33-9093.00","Transportation Security Screeners",2,2009-06-01,"Analyst","33-90",2,2
"668","49-9045.00","Refractory Materials Repairers, Except Brickmasons",2,2007-06-01,"Analyst","49-90",2,2
"669","51-4023.00","Rolling Machine Setters, Operators, and Tenders, Metal and Plastic",2,2018-08-01,"Analyst","51-40",2,2
"670","11-3051.03","Biofuels Production Managers",4,2016-07-01,"Analyst","11-30",4,4
"671","47-5081.00","Helpers--Extraction Workers",2,2018-08-01,"Analyst","47-50",2,2
"672","13-2041.00","Credit Analysts",4,2009-06-01,"Analyst","13-20",4,4
"673","53-5021.01","Ship and Boat Captains",3,2015-07-01,"Analyst","53-50",2,3
"674","25-1113.00","Social Work Teachers, Postsecondary",5,2014-07-01,"Analyst","25-11",5,5
"675","51-2031.00","Engine and Other Machine Assemblers",2,2014-07-01,"Analyst","51-20",2,2
"676","19-4099.01","Quality Control Analysts",3,2012-07-01,"Analyst","19-40",4,3
"677","53-7032.00","Excavating and Loading Machine and Dragline Operators",2,2013-07-01,"Analyst","53-70",2,2
"678","11-3121.00","Human Resources Managers",4,2018-08-01,"Analyst","11-31",4,4
"679","53-3033.00","Light Truck or Delivery Services Drivers",2,2014-07-01,"Analyst","53-30",2,2
"680","11-9111.00","Medical and Health Services Managers",5,2016-07-01,"Analyst","11-91",4,5
"681","19-3039.01","Neuropsychologists and Clinical Neuropsychologists",5,2017-07-01,"Analyst","19-30",5,5
"682","51-6091.00","Extruding and Forming Machine Setters, Operators, and Tenders, Synthetic and Glass Fibers",2,2007-06-01,"Analyst","51-60",2,2
"683","49-3021.00","Automotive Body and Related Repairers",2,2009-06-01,"Analyst","49-30",3,2
"684","17-2081.01","Water/Wastewater Engineers",4,2012-07-01,"Analyst","17-20",4,4
"685","29-1128.00","Exercise Physiologists",5,2013-07-01,"Analyst","29-11",4,5
"686","51-4121.06","Welders, Cutters, and Welder Fitters",3,2012-07-01,"Analyst","51-41",2,3
"687","17-3011.01","Architectural Drafters",4,2010-06-01,"Analyst","17-30",3,4
"688","41-3011.00","Advertising Sales Agents",4,2018-08-01,"Analyst","41-30",4,4
"689","27-1026.00","Merchandise Displayers and Window Trimmers",3,2015-07-01,"Analyst","27-10",4,3
"690","25-1072.00","Nursing Instructors and Teachers, Postsecondary",5,2011-07-01,"Analyst","25-10",5,5
"691","11-3071.02","Storage and Distribution Managers",4,2017-07-01,"Analyst","11-30",4,4
"692","51-9023.00","Mixing and Blending Machine Setters, Operators, and Tenders",2,2014-07-01,"Analyst","51-90",2,2
"693","19-4092.00","Forensic Science Technicians",4,2013-07-01,"Analyst","19-40",4,4
"694","11-3111.00","Compensation and Benefits Managers",4,2017-07-01,"Analyst","11-31",4,4
"695","27-1025.00","Interior Designers",4,2017-07-01,"Analyst","27-10",4,4
"696","53-7051.00","Industrial Truck and Tractor Operators",2,2013-07-01,"Analyst","53-70",2,2
"697","53-6031.00","Automotive and Watercraft Service Attendants",2,2016-07-01,"Analyst","53-60",2,2
"698","11-9033.00","Education Administrators, Postsecondary",5,2018-08-01,"Analyst","11-90",4,5
"699","25-4012.00","Curators",5,2018-08-01,"Analyst","25-40",4,5
"700","29-1067.00","Surgeons",5,2011-07-01,"Analyst","29-10",5,5
"701","29-1123.00","Physical Therapists",5,2013-07-01,"Analyst","29-11",4,5
"702","43-9051.00","Mail Clerks and Mail Machine Operators, Except Postal Service",2,2016-07-01,"Analyst","43-90",2,2
"703","51-9191.00","Adhesive Bonding Machine Operators and Tenders",2,2015-07-01,"Analyst","51-91",2,2
"704","25-1051.00","Atmospheric, Earth, Marine, and Space Sciences Teachers, Postsecondary",5,2011-07-01,"Analyst","25-10",5,5
"705","29-1069.12","Urologists",5,2012-07-01,"Analyst","29-10",5,5
"706","43-6014.00","Secretaries and Administrative Assistants, Except Legal, Medical, and Executive",3,2012-07-01,"Analyst","43-60",3,3
"707","51-9121.00","Coating, Painting, and Spraying Machine Setters, Operators, and Tenders",2,2017-07-01,"Analyst","51-91",2,2
"708","37-3011.00","Landscaping and Groundskeeping Workers",1,2015-07-01,"Analyst","37-30",2,1
"709","43-9111.00","Statistical Assistants",4,2015-07-01,"Analyst","43-91",4,4
"710","33-3052.00","Transit and Railroad Police",3,2017-07-01,"Analyst","33-30",3,3
"711","29-2011.02","Cytotechnologists",5,2014-07-01,"Analyst","29-20",3,5
"712","19-1021.00","Biochemists and Biophysicists",5,2012-07-01,"Analyst","19-10",5,5
"713","29-1125.02","Music Therapists",4,2014-07-01,"Analyst","29-11",4,4
"714","33-2021.02","Fire Investigators",3,2018-08-01,"Analyst","33-20",3,3
"715","29-1062.00","Family and General Practitioners",5,2011-07-01,"Analyst","29-10",5,5
"716","13-1161.00","Market Research Analysts and Marketing Specialists",4,2018-08-01,"Analyst","13-11",4,4
"717","41-4011.07","Solar Sales Representatives and Assessors",3,2012-07-01,"Analyst","41-40",4,3
"718","29-1069.03","Hospitalists",5,2014-07-01,"Analyst","29-10",5,5
"719","45-1011.05","First-Line Supervisors of Logging Workers",2,2014-07-01,"Analyst","45-10",3,2
"720","19-1031.02","Range Managers",4,2005-12-01,"Analyst","19-10",5,4
"721","41-9011.00","Demonstrators and Product Promoters",2,2016-07-01,"Analyst","41-90",2,2
"722","15-1132.00","Software Developers, Applications",4,2016-07-01,"Analyst","15-11",4,4
"723","25-1022.00","Mathematical Science Teachers, Postsecondary",5,2011-07-01,"Analyst","25-10",5,5
"724","13-2052.00","Personal Financial Advisors",4,2012-07-01,"Analyst","13-20",4,4
"725","31-1013.00","Psychiatric Aides",2,2014-07-01,"Analyst","31-10",2,2
"726","29-1031.00","Dietitians and Nutritionists",5,2014-07-01,"Analyst","29-10",5,5
"727","53-1021.00","First-Line Supervisors of Helpers, Laborers, and Material Movers, Hand",2,2015-07-01,"Analyst","53-10",2,2
"728","39-3012.00","Gaming and Sports Book Writers and Runners",2,2014-07-01,"Analyst","39-30",2,2
"729","49-9097.00","Signal and Track Switch Repairers",3,2007-06-01,"Analyst","49-90",2,3
"730","29-1127.00","Speech-Language Pathologists",5,2013-07-01,"Analyst","29-11",4,5
"731","19-4051.02","Nuclear Monitoring Technicians",3,2014-07-01,"Analyst","19-40",4,3
"732","45-2021.00","Animal Breeders",2,2018-08-01,"Analyst","45-20",2,2
"733","13-2011.02","Auditors",4,2016-07-01,"Analyst","13-20",4,4
"734","29-1041.00","Optometrists",5,2014-07-01,"Analyst","29-10",5,5
"735","15-2011.00","Actuaries",4,2017-07-01,"Analyst","15-20",5,4
"736","29-1141.00","Registered Nurses",3,2013-07-01,"Analyst","29-11",4,3
"737","35-9031.00","Hosts and Hostesses, Restaurant, Lounge, and Coffee Shop",2,2018-08-01,"Analyst","35-90",1,2
"738","11-1021.00","General and Operations Managers",4,2015-07-01,"Analyst","11-10",4,4
"739","51-4052.00","Pourers and Casters, Metal",2,2018-08-01,"Analyst","51-40",2,2
"740","29-2032.00","Diagnostic Medical Sonographers",3,2013-07-01,"Analyst","29-20",3,3
"741","51-9032.00","Cutting and Slicing Machine Setters, Operators, and Tenders",2,2016-07-01,"Analyst","51-90",2,2
"742","29-1069.04","Neurologists",5,2012-07-01,"Analyst","29-10",5,5
"743","53-7033.00","Loading Machine Operators, Underground Mining",2,2008-06-01,"Analyst","53-70",2,2
"744","47-4071.00","Septic Tank Servicers and Sewer Pipe Cleaners",1,2017-07-01,"Analyst","47-40",2,1
"745","13-1199.01","Energy Auditors",3,2016-07-01,"Analyst","13-11",4,3
"746","27-1022.00","Fashion Designers",3,2007-06-01,"Analyst","27-10",4,3
"747","33-1011.00","First-Line Supervisors of Correctional Officers",3,2012-07-01,"Analyst","33-10",3,3
"748","51-9021.00","Crushing, Grinding, and Polishing Machine Setters, Operators, and Tenders",2,2016-07-01,"Analyst","51-90",2,2
"749","17-2199.08","Robotics Engineers",4,2018-08-01,"Analyst","17-21",4,4
"750","11-9039.01","Distance Learning Coordinators",5,2013-07-01,"Analyst","11-90",4,5
"751","25-1031.00","Architecture Teachers, Postsecondary",5,2011-07-01,"Analyst","25-10",5,5
"752","11-9061.00","Funeral Service Managers",3,2014-07-01,"Analyst","11-90",4,3
"753","19-3094.00","Political Scientists",5,2017-07-01,"Analyst","19-30",5,5
"754","11-9051.00","Food Service Managers",2,2017-07-01,"Analyst","11-90",4,2
"755","17-3029.12","Nanotechnology Engineering Technicians",3,2016-07-01,"Analyst","17-30",3,3
"756","53-7111.00","Mine Shuttle Car Operators",2,2004-12-01,"Analyst","53-71",2,2
"757","53-1031.00","First-Line Supervisors of Transportation and Material-Moving Machine and Vehicle Operators",2,2013-07-01,"Analyst","53-10",2,2
"758","43-5111.00","Weighers, Measurers, Checkers, and Samplers, Recordkeeping",2,2018-08-01,"Analyst","43-51",2,2
"759","13-2031.00","Budget Analysts",4,2016-07-01,"Analyst","13-20",4,4
"760","29-2099.07","Surgical Assistants",3,2015-07-01,"Analyst","29-20",3,3
"761","25-1064.00","Geography Teachers, Postsecondary",5,2011-07-01,"Analyst","25-10",5,5
"762","29-1125.00","Recreational Therapists",4,2016-07-01,"Analyst","29-11",4,4
"763","51-3021.00","Butchers and Meat Cutters",2,2016-07-01,"Analyst","51-30",2,2
"764","39-3031.00","Ushers, Lobby Attendants, and Ticket Takers",2,2015-07-01,"Analyst","39-30",2,2
"765","51-6052.00","Tailors, Dressmakers, and Custom Sewers",3,2008-06-01,"Analyst","51-60",2,3
"766","51-7041.00","Sawing Machine Setters, Operators, and Tenders, Wood",2,2013-07-01,"Analyst","51-70",2,2
"767","19-4021.00","Biological Technicians",4,2017-07-01,"Analyst","19-40",4,4
"768","19-1029.03","Geneticists",5,2016-07-01,"Analyst","19-10",5,5
"769","49-9098.00","Helpers--Installation, Maintenance, and Repair Workers",2,2011-07-01,"Analyst","49-90",2,2
"770","19-1032.00","Foresters",4,2015-07-01,"Analyst","19-10",5,4
"771","29-2092.00","Hearing Aid Specialists",3,2012-07-01,"Analyst","29-20",3,3
"772","41-9031.00","Sales Engineers",4,2013-07-01,"Analyst","41-90",2,4
"773","11-9199.10","Wind Energy Project Managers",4,2016-07-01,"Analyst","11-91",4,4
"774","49-2021.01","Radio Mechanics",3,2018-08-01,"Analyst","49-20",3,3
"775","25-2023.00","Career/Technical Education Teachers, Middle School",4,2018-08-01,"Analyst","25-20",4,4
"776","43-9071.00","Office Machine Operators, Except Computer",2,2017-07-01,"Analyst","43-90",2,2
"777","19-4099.02","Precision Agriculture Technicians",4,2016-07-01,"Analyst","19-40",4,4
"778","25-2021.00","Elementary School Teachers, Except Special Education",4,2018-08-01,"Analyst","25-20",4,4
"779","17-3029.01","Non-Destructive Testing Specialists",2,2016-07-01,"Analyst","17-30",3,2
"780","53-7063.00","Machine Feeders and Offbearers",2,2016-07-01,"Analyst","53-70",2,2
"781","53-4041.00","Subway and Streetcar Operators",2,2006-12-01,"Analyst","53-40",2,2
"782","47-1011.00","First-Line Supervisors of Construction Trades and Extraction Workers",3,2012-07-01,"Analyst","47-10",3,3
"783","27-4021.00","Photographers",3,2014-07-01,"Analyst","27-40",3,3
"784","51-9122.00","Painters, Transportation Equipment",2,2014-07-01,"Analyst","51-91",2,2
"785","47-4061.00","Rail-Track Laying and Maintenance Equipment Operators",2,2015-07-01,"Analyst","47-40",2,2
"786","13-1081.01","Logistics Engineers",4,2011-07-01,"Analyst","13-10",4,4
"787","21-1021.00","Child, Family, and School Social Workers",4,2018-08-01,"Analyst","21-10",5,4
"788","17-3013.00","Mechanical Drafters",3,2017-07-01,"Analyst","17-30",3,3
"789","17-2071.00","Electrical Engineers",4,2015-07-01,"Analyst","17-20",4,4
"790","29-9011.00","Occupational Health and Safety Specialists",4,2012-07-01,"Analyst","29-90",4,4
"791","51-8011.00","Nuclear Power Reactor Operators",3,2014-07-01,"Analyst","51-80",3,3
"792","51-2041.00","Structural Metal Fabricators and Fitters",3,2013-07-01,"Analyst","51-20",2,3
"793","31-1014.00","Nursing Assistants",2,2013-07-01,"Analyst","31-10",2,2
"794","43-9041.02","Insurance Policy Processing Clerks",2,2018-08-01,"Analyst","43-90",2,2
"795","49-9064.00","Watch Repairers",3,2018-08-01,"Analyst","49-90",2,3
"796","17-3011.02","Civil Drafters",3,2018-08-01,"Analyst","17-30",3,3
"797","29-9099.01","Midwives",4,2012-07-01,"Analyst","29-90",4,4
"798","19-1022.00","Microbiologists",5,2017-07-01,"Analyst","19-10",5,5
"799","17-2199.07","Photonics Engineers",4,2018-08-01,"Analyst","17-21",4,4
"800","49-3041.00","Farm Equipment Mechanics and Service Technicians",3,2016-07-01,"Analyst","49-30",3,3
"801","27-3043.04","Copy Writers",4,2009-06-01,"Analyst","27-30",4,4
"802","31-9099.01","Speech-Language Pathology Assistants",3,2011-07-01,"Analyst","31-90",3,3
"803","53-7071.00","Gas Compressor and Gas Pumping Station Operators",2,2017-07-01,"Analyst","53-70",2,2
"804","51-4121.07","Solderers and Brazers",2,2015-07-01,"Analyst","51-41",2,2
"805","31-9093.00","Medical Equipment Preparers",2,2014-07-01,"Analyst","31-90",3,2
"806","11-9199.01","Regulatory Affairs Managers",4,2009-06-01,"Analyst","11-91",4,4
"807","47-3012.00","Helpers--Carpenters",2,2013-07-01,"Analyst","47-30",2,2
"808","41-1012.00","First-Line Supervisors of Non-Retail Sales Workers",4,2012-07-01,"Analyst","41-10",3,4
"809","29-1141.02","Advanced Practice Psychiatric Nurses",5,2014-07-01,"Analyst","29-11",4,5
"810","17-3025.00","Environmental Engineering Technicians",4,2014-07-01,"Analyst","17-30",3,4
"811","35-2013.00","Cooks, Private Household",3,2016-07-01,"Analyst","35-20",2,3
"812","51-9082.00","Medical Appliance Technicians",3,2015-07-01,"Analyst","51-90",2,3
"813","49-9021.01","Heating and Air Conditioning Mechanics and Installers",3,2014-07-01,"Analyst","49-90",2,3
"814","17-2051.01","Transportation Engineers",4,2017-07-01,"Analyst","17-20",4,4
"815","53-4012.00","Locomotive Firers",2,2009-06-01,"Analyst","53-40",2,2
"816","27-3042.00","Technical Writers",4,2012-07-01,"Analyst","27-30",4,4
"817","27-1014.00","Multimedia Artists and Animators",4,2010-06-01,"Analyst","27-10",4,4
"818","49-9051.00","Electrical Power-Line Installers and Repairers",3,2012-07-01,"Analyst","49-90",2,3
"819","19-4011.01","Agricultural Technicians",3,2014-07-01,"Analyst","19-40",4,3
"820","47-2231.00","Solar Photovoltaic Installers",2,2012-07-01,"Analyst","47-22",2,2
"821","25-9041.00","Teacher Assistants",3,2018-08-01,"Analyst","25-90",4,3
"822","17-2111.02","Fire-Prevention and Protection Engineers",4,2013-07-01,"Analyst","17-21",4,4
"823","45-4022.00","Logging Equipment Operators",1,2017-07-01,"Analyst","45-40",2,1
"824","17-1021.00","Cartographers and Photogrammetrists",4,2018-08-01,"Analyst","17-10",4,4
"825","41-3099.01","Energy Brokers",4,2014-07-01,"Analyst","41-30",4,4
"826","49-2098.00","Security and Fire Alarm Systems Installers",3,2015-07-01,"Analyst","49-20",3,3
"827","35-3022.00","Counter Attendants, Cafeteria, Food Concession, and Coffee Shop",1,2018-08-01,"Analyst","35-30",1,1
"828","31-2012.00","Occupational Therapy Aides",3,2012-07-01,"Analyst","31-20",3,3
"829","29-1011.00","Chiropractors",5,2013-07-01,"Analyst","29-10",5,5
"830","17-2199.04","Manufacturing Engineers",4,2017-07-01,"Analyst","17-21",4,4
"831","49-9063.00","Musical Instrument Repairers and Tuners",3,2016-07-01,"Analyst","49-90",2,3
"832","19-3022.00","Survey Researchers",5,2011-07-01,"Analyst","19-30",5,5
"833","27-3012.00","Public Address System and Other Announcers",2,2016-07-01,"Analyst","27-30",4,2
"834","27-4014.00","Sound Engineering Technicians",3,2010-06-01,"Analyst","27-40",3,3
"835","29-2099.01","Neurodiagnostic Technologists",3,2014-07-01,"Analyst","29-20",3,3
"836","53-5011.00","Sailors and Marine Oilers",2,2016-07-01,"Analyst","53-50",2,2
"837","51-9151.00","Photographic Process Workers and Processing Machine Operators",2,2017-07-01,"Analyst","51-91",2,2
"838","51-9041.00","Extruding, Forming, Pressing, and Compacting Machine Setters, Operators, and Tenders",2,2016-07-01,"Analyst","51-90",2,2
"839","17-3029.07","Mechanical Engineering Technologists",3,2012-07-01,"Analyst","17-30",3,3
"840","11-9121.00","Natural Sciences Managers",5,2014-07-01,"Analyst","11-91",4,5
"841","51-4051.00","Metal-Refining Furnace Operators and Tenders",2,2018-08-01,"Analyst","51-40",2,2
"842","51-6093.00","Upholsterers",2,2016-07-01,"Analyst","51-60",2,2
"843","29-2056.00","Veterinary Technologists and Technicians",3,2013-07-01,"Analyst","29-20",3,3
"844","13-1075.00","Labor Relations Specialists",4,2015-07-01,"Analyst","13-10",4,4
"845","29-2061.00","Licensed Practical and Licensed Vocational Nurses",3,2013-07-01,"Analyst","29-20",3,3
"846","51-3011.00","Bakers",2,2015-07-01,"Analyst","51-30",2,2
"847","11-3061.00","Purchasing Managers",4,2018-08-01,"Analyst","11-30",4,4
"848","11-3051.06","Hydroelectric Production Managers",3,2016-07-01,"Analyst","11-30",4,3
"849","35-3021.00","Combined Food Preparation and Serving Workers, Including Fast Food",1,2017-07-01,"Analyst","35-30",1,1
"850","49-3023.02","Automotive Specialty Technicians",3,2014-07-01,"Analyst","49-30",3,3
"851","17-3029.08","Photonics Technicians",3,2013-07-01,"Analyst","17-30",3,3
"852","43-4051.03","Patient Representatives",4,2011-07-01,"Analyst","43-40",2,4
"853","13-1199.03","Customs Brokers",3,2017-07-01,"Analyst","13-11",4,3
"854","47-2072.00","Pile-Driver Operators",2,2018-08-01,"Analyst","47-20",2,2
"855","19-2042.00","Geoscientists, Except Hydrologists and Geographers",4,2013-07-01,"Analyst","19-20",5,4
"856","49-3042.00","Mobile Heavy Equipment Mechanics, Except Engines",3,2017-07-01,"Analyst","49-30",3,3
"857","19-1041.00","Epidemiologists",5,2016-07-01,"Analyst","19-10",5,5
"858","25-2011.00","Preschool Teachers, Except Special Education",3,2010-06-01,"Analyst","25-20",4,3
"859","27-4011.00","Audio and Video Equipment Technicians",3,2018-08-01,"Analyst","27-40",3,3
"860","21-1014.00","Mental Health Counselors",5,2013-07-01,"Analyst","21-10",5,5
"861","25-1192.00","Home Economics Teachers, Postsecondary",5,2011-07-01,"Analyst","25-11",5,5
"862","17-2061.00","Computer Hardware Engineers",4,2013-07-01,"Analyst","17-20",4,4
"863","11-9031.00","Education Administrators, Preschool and Childcare Center/Program",4,2018-08-01,"Analyst","11-90",4,4
"864","51-2022.00","Electrical and Electronic Equipment Assemblers",2,2013-07-01,"Analyst","51-20",2,2
"865","27-1023.00","Floral Designers",2,2015-07-01,"Analyst","27-10",4,2
"866","27-2042.01","Singers",2,2007-06-01,"Analyst","27-20",3,2
"867","19-2031.00","Chemists",4,2013-07-01,"Analyst","19-20",5,4
"868","13-2082.00","Tax Preparers",3,2013-07-01,"Analyst","13-20",4,3
"869","51-7032.00","Patternmakers, Wood",3,2006-12-01,"Analyst","51-70",2,3
"870","49-9062.00","Medical Equipment Repairers",3,2013-07-01,"Analyst","49-90",2,3
"871","51-6063.00","Textile Knitting and Weaving Machine Setters, Operators, and Tenders",2,2007-06-01,"Analyst","51-60",2,2
"872","37-2021.00","Pest Control Workers",2,2015-07-01,"Analyst","37-20",2,2
"873","53-6011.00","Bridge and Lock Tenders",1,2005-07-01,"Analyst","53-60",2,1
"874","47-4041.00","Hazardous Materials Removal Workers",3,2015-07-01,"Analyst","47-40",2,3
"875","19-1013.00","Soil and Plant Scientists",5,2014-07-01,"Analyst","19-10",5,5
"876","13-1031.01","Claims Examiners, Property and Casualty Insurance",4,2010-06-01,"Analyst","13-10",4,4
"877","51-9195.04","Glass Blowers, Molders, Benders, and Finishers",2,2015-07-01,"Analyst","51-91",2,2
"878","43-3021.01","Statement Clerks",2,2014-07-01,"Analyst","43-30",2,2
"879","37-1012.00","First-Line Supervisors of Landscaping, Lawn Service, and Groundskeeping Workers",3,2015-07-01,"Analyst","37-10",2,3
"880","27-3043.05","Poets, Lyricists and Creative Writers",4,2017-07-01,"Analyst","27-30",4,4
"881","15-1131.00","Computer Programmers",4,2018-08-01,"Analyst","15-11",4,4
"882","27-2041.01","Music Directors",4,2017-07-01,"Analyst","27-20",3,4
"883","39-9021.00","Personal Care Aides",2,2014-07-01,"Analyst","39-90",3,2
"884","47-5011.00","Derrick Operators, Oil and Gas",1,2006-06-01,"Analyst","47-50",2,1
"885","51-6064.00","Textile Winding, Twisting, and Drawing Out Machine Setters, Operators, and Tenders",2,2007-06-01,"Analyst","51-60",2,2
"886","13-1141.00","Compensation, Benefits, and Job Analysis Specialists",4,2017-07-01,"Analyst","13-11",4,4
"887","51-2093.00","Timing Device Assemblers and Adjusters",2,2008-06-01,"Analyst","51-20",2,2
"888","29-1069.09","Preventive Medicine Physicians",5,2016-07-01,"Analyst","29-10",5,5
"889","29-2071.00","Medical Records and Health Information Technicians",3,2013-07-01,"Analyst","29-20",3,3
"890","21-1012.00","Educational, Guidance, School, and Vocational Counselors",5,2018-08-01,"Analyst","21-10",5,5
"891","11-1011.00","Chief Executives",5,2014-07-01,"Analyst","11-10",4,5
"892","29-2021.00","Dental Hygienists",3,2013-07-01,"Analyst","29-20",3,3
"893","51-2091.00","Fiberglass Laminators and Fabricators",2,2007-06-01,"Analyst","51-20",2,2
"894","51-9071.06","Gem and Diamond Workers",3,2008-06-01,"Analyst","51-90",2,3
"895","11-9199.02","Compliance Managers",4,2012-07-01,"Analyst","11-91",4,4
"896","51-6021.00","Pressers, Textile, Garment, and Related Materials",1,2017-07-01,"Analyst","51-60",2,1
"897","51-1011.00","First-Line Supervisors of Production and Operating Workers",2,2011-07-01,"Analyst","51-10",2,2
"898","45-2041.00","Graders and Sorters, Agricultural Products",1,2017-07-01,"Analyst","45-20",2,1
"899","53-5031.00","Ship Engineers",3,2016-07-01,"Analyst","53-50",2,3
"900","43-4151.00","Order Clerks",2,2016-07-01,"Analyst","43-41",2,2
"901","51-4193.00","Plating and Coating Machine Setters, Operators, and Tenders, Metal and Plastic",2,2016-07-01,"Analyst","51-41",2,2
"902","39-3011.00","Gaming Dealers",2,2011-07-01,"Analyst","39-30",2,2
"903","43-5081.02","Marking Clerks",2,2006-06-01,"Analyst","43-50",2,2
"904","21-1015.00","Rehabilitation Counselors",5,2012-07-01,"Analyst","21-10",5,5
"905","49-2097.00","Electronic Home Entertainment Equipment Installers and Repairers",3,2007-06-01,"Analyst","49-20",3,3
"906","53-2031.00","Flight Attendants",3,2012-07-01,"Analyst","53-20",3,3
"907","43-6013.00","Medical Secretaries",3,2013-07-01,"Analyst","43-60",3,3
"908","43-5052.00","Postal Service Mail Carriers",2,2016-07-01,"Analyst","43-50",2,2
"909","15-1111.00","Computer and Information Research Scientists",5,2008-06-01,"Analyst","15-11",4,5
"910","33-3051.01","Police Patrol Officers",3,2016-07-01,"Analyst","33-30",3,3
"911","41-4011.00","Sales Representatives, Wholesale and Manufacturing, Technical and Scientific Products",4,2014-07-01,"Analyst","41-40",4,4
"912","17-2111.01","Industrial Safety and Health Engineers",4,2018-08-01,"Analyst","17-21",4,4
"913","13-2051.00","Financial Analysts",4,2016-07-01,"Analyst","13-20",4,4
"914","53-2012.00","Commercial Pilots",3,2015-07-01,"Analyst","53-20",3,3
"915","11-3051.02","Geothermal Production Managers",3,2011-07-01,"Analyst","11-30",4,3
"916","21-1011.00","Substance Abuse and Behavioral Disorder Counselors",5,2014-07-01,"Analyst","21-10",5,5
"917","29-2099.05","Ophthalmic Medical Technologists",3,2013-07-01,"Analyst","29-20",3,3
"918","29-1081.00","Podiatrists",5,2011-07-01,"Analyst","29-10",5,5
"919","51-2021.00","Coil Winders, Tapers, and Finishers",2,2017-07-01,"Analyst","51-20",2,2
"920","51-9022.00","Grinding and Polishing Workers, Hand",1,2016-07-01,"Analyst","51-90",2,1
"921","11-9131.00","Postmasters and Mail Superintendents",2,2016-07-01,"Analyst","11-91",4,2
"922","15-1142.00","Network and Computer Systems Administrators",4,2017-07-01,"Analyst","15-11",4,4
"923","25-1066.00","Psychology Teachers, Postsecondary",5,2011-07-01,"Analyst","25-10",5,5
"924","15-2021.00","Mathematicians",5,2012-07-01,"Analyst","15-20",5,5
"925","19-3032.00","Industrial-Organizational Psychologists",5,2012-07-01,"Analyst","19-30",5,5
"926","17-2199.03","Energy Engineers",4,2016-07-01,"Analyst","17-21",4,4
"927","47-2031.02","Rough Carpenters",2,2010-06-01,"Analyst","47-20",2,2
"928","47-5061.00","Roof Bolters, Mining",2,2017-07-01,"Analyst","47-50",2,2
"929","31-9097.00","Phlebotomists",3,2012-07-01,"Analyst","31-90",3,3
"930","47-2131.00","Insulation Workers, Floor, Ceiling, and Wall",2,2015-07-01,"Analyst","47-21",2,2
"931","45-4011.00","Forest and Conservation Workers",3,2014-07-01,"Analyst","45-40",2,3
"932","13-1022.00","Wholesale and Retail Buyers, Except Farm Products",3,2015-07-01,"Analyst","13-10",4,3
"933","19-4041.02","Geological Sample Test Technicians",4,2015-07-01,"Analyst","19-40",4,4
"934","53-5021.02","Mates- Ship, Boat, and Barge",2,2015-07-01,"Analyst","53-50",2,2
"935","41-1011.00","First-Line Supervisors of Retail Sales Workers",2,2018-08-01,"Analyst","41-10",3,2
"936","51-6031.00","Sewing Machine Operators",1,2017-07-01,"Analyst","51-60",2,1
"937","51-3093.00","Food Cooking Machine Operators and Tenders",2,2011-07-01,"Analyst","51-30",2,2
"938","47-2053.00","Terrazzo Workers and Finishers",2,2015-07-01,"Analyst","47-20",2,2
"939","27-2011.00","Actors",2,2017-07-01,"Analyst","27-20",3,2
"940","15-1152.00","Computer Network Support Specialists",4,2014-07-01,"Analyst","15-11",4,4
"941","35-2015.00","Cooks, Short Order",2,2018-08-01,"Analyst","35-20",2,2
"942","15-1133.00","Software Developers, Systems Software",4,2013-07-01,"Analyst","15-11",4,4
"943","51-6011.00","Laundry and Dry-Cleaning Workers",1,2015-07-01,"Analyst","51-60",2,1
"944","17-3029.09","Manufacturing Production Technicians",3,2017-07-01,"Analyst","17-30",3,3
"945","51-4122.00","Welding, Soldering, and Brazing Machine Setters, Operators, and Tenders",2,2015-07-01,"Analyst","51-41",2,2
"946","35-3022.01","Baristas",1,2015-07-01,"Analyst","35-30",1,1
"947","31-2022.00","Physical Therapist Aides",2,2013-07-01,"Analyst","31-20",3,2
"948","17-2199.09","Nanosystems Engineers",5,2015-07-01,"Analyst","17-21",4,5
"949","29-9012.00","Occupational Health and Safety Technicians",3,2012-07-01,"Analyst","29-90",4,3
"950","17-2112.00","Industrial Engineers",4,2010-06-01,"Analyst","17-21",4,4
"951","29-2031.00","Cardiovascular Technologists and Technicians",3,2014-07-01,"Analyst","29-20",3,3
"952","33-3021.02","Police Identification and Records Officers",3,2018-08-01,"Analyst","33-30",3,3
"953","23-1023.00","Judges, Magistrate Judges, and Magistrates",5,2011-07-01,"Analyst","23-10",5,5
"954","39-7012.00","Travel Guides",3,2007-06-01,"Analyst","39-70",3,3
"955","17-2141.02","Automotive Engineers",4,2014-07-01,"Analyst","17-21",4,4
"956","19-1042.00","Medical Scientists, Except Epidemiologists",5,2012-07-01,"Analyst","19-10",5,5
"957","51-8099.01","Biofuels Processing Technicians",2,2016-07-01,"Analyst","51-80",3,2
"958","27-2032.00","Choreographers",4,2018-08-01,"Analyst","27-20",3,4
"959","19-2041.03","Industrial Ecologists",5,2015-07-01,"Analyst","19-20",5,5
"960","53-5021.03","Pilots, Ship",3,2015-07-01,"Analyst","53-50",2,3
"961","33-9011.00","Animal Control Workers",2,2018-08-01,"Analyst","33-90",2,2
"962","31-1011.00","Home Health Aides",2,2014-07-01,"Analyst","31-10",2,2
"963","39-1012.00","Slot Supervisors",2,2017-07-01,"Analyst","39-10",2,2
"964","33-9092.00","Lifeguards, Ski Patrol, and Other Recreational Protective Service Workers",2,2011-07-01,"Analyst","33-90",2,2
"965","17-3029.02","Electrical Engineering Technologists",4,2012-07-01,"Analyst","17-30",3,4
"966","49-2092.00","Electric Motor, Power Tool, and Related Repairers",3,2017-07-01,"Analyst","49-20",3,3
"967","29-1131.00","Veterinarians",5,2013-07-01,"Analyst","29-11",4,5
"968","39-4031.00","Morticians, Undertakers, and Funeral Directors",3,2017-07-01,"Analyst","39-40",3,3
"969",NA,NA,NA,NA,NA,NA,NA,NA
"970","41-3099.00",NA,NA,NA,NA,"41-30",4,4
"971","21-1029.00",NA,NA,NA,NA,"21-10",5,5
"972","11-9199.00",NA,NA,NA,NA,"11-91",4,4
"973","25-1199.00",NA,NA,NA,NA,"25-11",5,5
"974","41-9099.00",NA,NA,NA,NA,"41-90",2,2
"975","51-9199.00",NA,NA,NA,NA,"51-91",2,2
"976","25-3099.00",NA,NA,NA,NA,"25-30",4,4
"977","15-1199.00",NA,NA,NA,NA,"15-11",4,4
"978","55-1019.00",NA,NA,NA,NA,"55-10",NA,NA
"979","23-2099.00",NA,NA,NA,NA,"23-20",3,3
"980","43-9199.00",NA,NA,NA,NA,"43-91",4,4
"981","17-2199.00",NA,NA,NA,NA,"17-21",4,4
"982","17-3029.00",NA,NA,NA,NA,"17-30",3,3
"983","29-9099.00",NA,NA,NA,NA,"29-90",4,4
"984","27-1029.00",NA,NA,NA,NA,"27-10",4,4
"985","13-1199.00",NA,NA,NA,NA,"13-11",4,4
"986","29-1069.00",NA,NA,NA,NA,"29-10",5,5
"987","31-9099.00",NA,NA,NA,NA,"31-90",3,3
"988","17-3019.00",NA,NA,NA,NA,"17-30",3,3
"989","49-9099.00",NA,NA,NA,NA,"49-90",2,2
"990","51-8099.00",NA,NA,NA,NA,"51-80",3,3
"991","55-1015.00",NA,NA,NA,NA,"55-10",NA,NA
"992","55-3019.00",NA,NA,NA,NA,"55-30",NA,NA
"993","21-1099.00",NA,NA,NA,NA,"21-10",5,5
"994","51-6099.00",NA,NA,NA,NA,"51-60",2,2
"995","53-3099.00",NA,NA,NA,NA,"53-30",2,2
"996","53-4099.00",NA,NA,NA,NA,"53-40",2,2
"997","13-2099.03",NA,NA,NA,NA,"13-20",4,4
"998","21-1019.00",NA,NA,NA,NA,"21-10",5,5
"999","29-2099.00",NA,NA,NA,NA,"29-20",3,3
"1000","55-1016.00",NA,NA,NA,NA,"55-10",NA,NA
"1001","29-1199.00",NA,NA,NA,NA,"29-11",4,4
"1002","45-2099.00",NA,NA,NA,NA,"45-20",2,2
"1003","15-2099.00",NA,NA,NA,NA,"15-20",5,5
"1004","25-2051.00",NA,NA,NA,NA,"25-20",4,4
"1005","19-3099.00",NA,NA,NA,NA,"19-30",5,5
"1006","45-4029.00",NA,NA,NA,NA,"45-40",2,2
"1007","19-1099.00",NA,NA,NA,NA,"19-10",5,5
"1008","55-3014.00",NA,NA,NA,NA,"55-30",NA,NA
"1009","19-4099.00",NA,NA,NA,NA,"19-40",4,4
"1010","39-3019.00",NA,NA,NA,NA,"39-30",2,2
"1011","19-2099.00",NA,NA,NA,NA,"19-20",5,5
"1012","25-2059.00",NA,NA,NA,NA,"25-20",4,4
"1013","55-3018.00",NA,NA,NA,NA,"55-30",NA,NA
"1014","19-3039.00",NA,NA,NA,NA,"19-30",5,5
"1015","47-4099.00",NA,NA,NA,NA,"47-40",2,2
"1016","39-9099.00",NA,NA,NA,NA,"39-90",3,3
"1017","51-4199.00",NA,NA,NA,NA,"51-41",2,2
"1018","13-2099.00",NA,NA,NA,NA,"13-20",4,4
"1019","11-9039.00",NA,NA,NA,NA,"11-90",4,4
"1020","11-3051.05",NA,NA,NA,NA,"11-30",4,4
"1021","33-9099.00",NA,NA,NA,NA,"33-90",2,2
"1022","33-1099.00",NA,NA,NA,NA,"33-10",3,3
"1023","43-4199.00",NA,NA,NA,NA,"43-41",2,2
"1024","51-2099.00",NA,NA,NA,NA,"51-20",2,2
"1025","55-3013.00",NA,NA,NA,NA,"55-30",NA,NA
"1026","11-2011.01",NA,NA,NA,NA,"11-20",4,4
"1027","53-7199.00",NA,NA,NA,NA,"53-71",2,2
"1028","55-3017.00",NA,NA,NA,NA,"55-30",NA,NA
"1029","25-9099.00",NA,NA,NA,NA,"25-90",4,4
"1030","55-3016.00",NA,NA,NA,NA,"55-30",NA,NA
"1031","21-2099.00",NA,NA,NA,NA,"21-20",4,4
"1032","55-3015.00",NA,NA,NA,NA,"55-30",NA,NA
"1033","49-9069.00",NA,NA,NA,NA,"49-90",2,2
"1034","29-1129.00",NA,NA,NA,NA,"29-11",4,4
"1035","27-4099.00",NA,NA,NA,NA,"27-40",3,3
"1036","55-3012.00",NA,NA,NA,NA,"55-30",NA,NA
"1037","47-3019.00",NA,NA,NA,NA,"47-30",2,2
"1038","19-1029.00",NA,NA,NA,NA,"19-10",5,5
"1039","53-6099.00",NA,NA,NA,NA,"53-60",2,2
"1040","47-5099.00",NA,NA,NA,NA,"47-50",2,2
"1041","17-3029.10",NA,NA,NA,NA,"17-30",3,3
"1042","35-9099.00",NA,NA,NA,NA,"35-90",1,1
"1043","51-7099.00",NA,NA,NA,NA,"51-70",2,2
"1044","55-3011.00",NA,NA,NA,NA,"55-30",NA,NA
"1045","47-5049.00",NA,NA,NA,NA,"47-50",2,2
"1046","43-2099.00",NA,NA,NA,NA,"43-20",2,2
"1047","51-8099.02",NA,NA,NA,NA,"51-80",3,3
"1048","27-2099.00",NA,NA,NA,NA,"27-20",3,3
"1049","25-1069.00",NA,NA,NA,NA,"25-10",5,5
"1050","27-1019.00",NA,NA,NA,NA,"27-10",4,4
"1051","27-3099.00",NA,NA,NA,NA,"27-30",4,4
"1052","37-2019.00",NA,NA,NA,NA,"37-20",2,2
"1053","37-3019.00",NA,NA,NA,NA,"37-30",2,2
"1054","43-3099.00",NA,NA,NA,NA,"43-30",2,2
"1055","55-1011.00",NA,NA,NA,NA,"55-10",NA,NA
